names.node_leaves.x..,X.Intercept.,age,sexmale,bmi,children,smokeryes,regionnorthwest,regionsoutheast,regionsouthwest,,,
1,-11892.40665,253.2452083,-203.0064378,348.3986846,442.1648044,23755.50755,-476.8752238,-1312.150812,-979.449013,,,age
2,-11433.53739,252.9580962,-425.5528781,346.3374986,472.4224715,23777.30023,-1199.297433,-1444.995587,-1266.397266,,Max,155344.4304
4,-12025.22451,374.9747217,2371.415489,221.4174229,-362.3987225,23163.06084,-1566.657457,-852.070152,-3263.626133,,Min,-180950.3521
8,-13576.03769,334.0285316,3122.197772,344.9557782,-1064.05777,22967.4026,-1369.741856,-1102.761621,-6384.104937,,Average,-128.7413154
16,-11992.91718,348.9235915,3344.080239,246.9335411,-689.6811408,21347.14303,-1737.289883,-849.9297363,-5425.829281,,Negative Values,1121.312546
32,-12301.4772,363.0704177,3587.273228,246.4559398,-778.0149381,21928.32616,-694.9103962,-1006.034667,-5174.310536,,Postive Values,1121.312546
64,-10330.01486,462.9997903,5360.778598,50.43322364,-1079.127734,20653.75616,-529.7465482,-191.0572371,-1579.015992,,,
128,55431.65158,-37.04492361,-162.6638311,-1061.436917,-3414.036993,NA,NA,NA,NA,,,
256,7258.649264,381.9104715,NA,NA,NA,NA,NA,NA,NA,,,
257,12268.885,-21.0387,-4817.2273,NA,NA,NA,NA,NA,NA,,,
515,-4591.41055,280.0380063,NA,NA,NA,NA,NA,NA,NA,,,
129,-23408.38599,591.0622385,5616.570467,381.2774613,-1331.06502,20745.2099,-710.53249,-8309.178395,-3110.04767,,,
258,-125132.2734,3049.259493,NA,NA,NA,NA,NA,NA,NA,,,
259,-18144.60048,513.8920195,4920.956448,303.3935345,220.418418,17188.40278,-1165.787771,-9176.325385,-6021.379998,,,
518,-17464.59104,853.0699602,-1072,1.39,585.8964875,22254.31327,3925.304801,-20670.93361,NA,,,
1036,34601.60222,-378.9334105,NA,NA,NA,NA,NA,NA,NA,,,
1037,1376.872,68.009,-1072,1.39,10791.68897,26964.67903,NA,NA,NA,,,
2074,-46290.19478,2055.600337,-1066.3983,NA,NA,NA,NA,NA,NA,,,
4149,3044.2133,NA,-1066.3983,NA,NA,NA,NA,NA,NA,,,
2075,-12923.64996,764.2469981,NA,1.39,NA,NA,NA,NA,NA,,,
4151,-12888.60134,764.4386835,NA,NA,NA,NA,NA,NA,NA,,,
519,115637.9369,1137.005159,42604.91906,-4946.619549,-9764.044656,NA,NA,NA,NA,,,
1038,-2345.768247,218.9513933,NA,NA,NA,NA,NA,NA,NA,,,
1039,-71580.75143,1952.809469,-2775.272398,NA,NA,NA,NA,NA,NA,,,
2079,-88579.29487,2299.718519,NA,NA,NA,NA,NA,NA,NA,,,
65,-4854.396842,228.849343,-5113.660178,52.45439919,1280.390395,25751.5426,NA,7256.033284,-289.1908154,,,
130,16895061.26,-173784.3503,2112500.651,-370192.8841,NA,NA,NA,NA,NA,,,
261,-541.9666222,206.3052556,-1300.716878,NA,NA,NA,NA,NA,NA,,,
522,-16475.74838,531.484475,NA,NA,NA,NA,NA,NA,NA,,,
131,-37989.62532,-228.3094274,28230.51449,1383.071293,4882.158058,NA,NA,NA,NA,,,
262,55858.21863,-636.5935524,3284.929502,-342.0728975,NA,NA,NA,NA,NA,,,
524,45480.7566,-555.6363,NA,NA,NA,NA,NA,NA,NA,,,
525,23391.94745,NA,NA,-342.0728975,NA,NA,NA,NA,NA,,,
33,-6337.722405,325.7840322,1177.958055,183.3046795,-2464.823249,9900.697082,-725.5122207,-1741.285193,-7068.778292,,,
66,-18219.00825,1134.450297,-23394.26918,NA,NA,NA,NA,NA,NA,,,
133,-2022.975742,234.6707135,NA,NA,NA,NA,NA,NA,NA,,,
67,416.3724061,226.1885255,-3226.192825,-18.95936306,695.0201815,12141.56562,NA,-219.2251131,-225.9939538,,,
134,-6327.31254,319.51681,NA,NA,NA,NA,NA,NA,NA,,,
135,-426.1044981,227.6953709,-2984.069483,-5.616033085,753.6554968,12560.51275,NA,NA,NA,,,
271,68922.15273,-15.48235985,-21894.96762,-1728.922786,7385.993015,NA,NA,NA,NA,,,
542,37468.56352,-364.9823575,-26206.35099,NA,NA,NA,NA,NA,NA,,,
1084,-5978.807847,324.6584579,NA,NA,NA,NA,NA,NA,NA,,,
543,360.1806469,136.9826594,NA,NA,NA,NA,NA,NA,NA,,,
17,-65483.07598,-72.68312627,14087.20089,2161.571211,5449.896255,35962.61702,NA,-665.74816,NA,,,
34,-69711.09998,-4.830146903,15963.09229,2174.943452,5443.767311,36030.41428,NA,NA,NA,,,
68,-69711.09998,-4.830146903,15963.09229,2174.943452,5443.767311,NA,NA,NA,NA,,,
136,-4399.466222,274.7838222,NA,NA,NA,NA,NA,NA,NA,,,
137,460165.6065,-7820.547515,-221516.9404,NA,NA,NA,NA,NA,NA,,,
274,-7481.267578,383.7836093,NA,NA,NA,NA,NA,NA,NA,,,
9,-14441.67974,431.8026808,1884.820737,220.230959,124.282475,24597.79725,-2143.958987,-2448.870521,-1028.683469,,,
18,-42049.0157,-1745.101986,-28635.85477,4515.061954,15741.75716,-30127.83525,NA,NA,NA,,,
36,-4304.84744,273.44776,NA,NA,NA,NA,NA,NA,NA,,,
37,-15213.0872,-643.2294252,-15093.48555,1896.010026,NA,NA,NA,NA,NA,,,
74,24066.90802,-171.0044281,NA,NA,NA,NA,NA,NA,NA,,,
75,-1075.515314,154.4490786,NA,NA,NA,NA,NA,NA,NA,,,
19,-14966.98339,447.21304,971.359814,248.5562991,5.943177737,24838.67556,-2231.831335,-1687.720657,-660.0129918,,,
38,-8255.75148,291.0257628,329.6210179,127.969261,657.9541931,32953.42638,-1152.269871,-3970.623349,NA,,,
77,-1136.314447,221.4669642,-1688.375706,-30.34379407,918.016368,34466.80024,118.7530879,NA,NA,,,
154,-823.1365655,218.4071328,-1602.481349,-37.30784853,929.4562783,34533.37225,NA,NA,NA,,,
308,27289.2937,371.8788,-34735.01265,NA,NA,NA,NA,NA,NA,,,
616,-7445.71895,371.8788,NA,NA,NA,NA,NA,NA,NA,,,
309,-2500.893831,234.7992688,-326.2940688,NA,NA,NA,NA,NA,NA,,,
618,-3523.281913,256.5522067,NA,NA,NA,NA,NA,NA,NA,,,
39,-14370.33142,431.2440009,769.7850661,258.996784,2.852714097,21818.75643,-1569.724221,1223.586194,-791.4481138,,,
78,89894.17585,-1279.692851,NA,NA,NA,NA,NA,NA,NA,,,
79,-5984.79634,364.8358884,-390.3965183,69.63847451,-518.9883924,22718.61896,-4220.072038,2541.766341,210.6493059,,,
158,-172353.3056,1125.803556,7151.861813,5349.840073,-6281.762862,NA,-2574.062549,15585.14946,NA,,,
316,-15765.32673,676.4169894,4755.922934,NA,NA,NA,NA,NA,NA,,,
633,-21710.2304,874.580445,NA,NA,NA,NA,NA,NA,NA,,,
317,-35449.90988,502.8074431,1635.979612,841.3155753,NA,NA,NA,NA,NA,,,
635,-9902.980018,386.5529273,2951.108823,NA,NA,NA,NA,NA,NA,,,
1271,-2595.472457,246.0239357,NA,NA,NA,NA,NA,NA,NA,,,
159,-3378.407737,473.6967266,-3868.941331,-212.5920921,-153.0322593,15972.92879,1181.430527,13327.13001,1279.120173,,,
318,-115081.1835,2322.961078,-27261.00062,2602.810759,-30589.14649,14728.33433,NA,-5403.953314,NA,,,
636,689995.2512,-14324.92567,150791.4203,-14141.74071,NA,NA,NA,NA,NA,,,
1273,-1804.56259,191.571165,-496.92178,NA,NA,NA,NA,NA,NA,,,
2546,-3419.558375,253.6863875,NA,NA,NA,NA,NA,NA,NA,,,
637,1492991.9,-31207.56,234215.86,NA,NA,NA,NA,NA,NA,,,
1275,116973.7223,-1930.577496,NA,NA,NA,NA,NA,NA,NA,,,
319,-3830.658673,249.757278,-176.1526427,60.86887734,226.7144027,12430.1036,-822.6567375,18301.8824,-921.5745068,,,
638,-15695.16029,-5401.931037,65702.11856,13214.69798,-61890.10147,NA,NA,NA,NA,,,
1277,-73694.68478,1002.557219,21828.38125,1243.691896,NA,NA,NA,NA,NA,,,
2554,-50666.80808,1429.788417,14412.52285,NA,NA,NA,NA,NA,NA,,,
5108,-1424.021679,228.7448458,NA,NA,NA,NA,NA,NA,NA,,,
639,14743.70326,-99.99689928,5480.92667,-27.95358766,-9006.272953,31955.85609,NA,NA,NA,,,
1278,-15148.51019,1169.222398,4286.762756,NA,NA,NA,NA,NA,NA,,,
2556,-22864.68315,1455.006581,NA,NA,NA,NA,NA,NA,NA,,,
1279,-1424.69815,218.674,846.26815,NA,NA,NA,NA,NA,NA,,,
2559,-1798.630588,238.3546547,NA,NA,NA,NA,NA,NA,NA,,,
5,-11464.75711,243.2559738,-643.1970416,360.3078668,511.9759138,23822.18344,-1158.330333,-1612.732604,-1224.2492,,,
10,-11452.77222,240.1168178,-606.1132172,361.3675126,568.6770599,23784.10629,-1177.703769,-1568.091307,-1210.268812,,,
20,-9042.491565,261.5135747,-1131.352318,241.3691464,294.2075197,23134.19448,-443.830982,298.1091547,-1611.020232,,,
40,-9522.971143,272.5923129,-173.5797721,211.7265871,-747.0283418,24942.95015,-1201.365135,4437.737246,1221.188971,,,
80,-22150.5726,474.4025001,506.7109416,357.9747171,-1305.012336,23906.52643,-4347.53813,8448.45363,7952.4327,,,
160,-36846.47135,1128.207997,-3125.842329,-505.7073734,5964.860342,35850.49864,916.4141608,11073.67012,11331.61733,,,
320,-18365.44311,307.5743221,-715.6531167,450.6624999,1073.370058,29991.70831,-2931.8134,NA,NA,,,
641,-19081.09622,307.5743221,NA,450.6624999,1073.370058,29991.70831,-2931.8134,NA,NA,,,
1283,13988.63036,-287.8348148,NA,540.2313809,-5788.277999,21664.71336,NA,NA,NA,,,
2567,77779.56709,-1301.560327,NA,692.7286374,-19966.5198,NA,NA,NA,NA,,,
5134,62001.4253,960.0519135,NA,-3063.305826,NA,NA,NA,NA,NA,,,
10268,-2058.637397,238.5905759,NA,NA,NA,NA,NA,NA,NA,,,
321,-12258.5386,687.2277331,NA,NA,NA,NA,NA,NA,NA,,,
161,-29014.01802,-157.9630437,18236.6789,1483.107576,3013.592527,NA,NA,NA,NA,,,
322,897717.8122,-16422.10887,NA,NA,NA,NA,NA,NA,NA,,,
323,38666.82994,-612.8611405,16556.47127,NA,NA,NA,NA,NA,NA,,,
647,82817.42,-1532.6651,NA,NA,NA,NA,NA,NA,NA,,,
81,-6382.258269,223.8984961,-1172.89968,162.8203824,-389.1047662,24258.7551,-150.8977899,2444.987588,1393.634869,,,
163,-6381.23404,223.0391324,-1144.538597,163.4871361,-396.8818319,24236.15482,-77.01505498,2456.578284,1409.906414,,,
326,-2060.45246,291.0646855,-1949.216488,-49.38893329,549.3173077,16492.83789,-952.7980049,15177.43782,-1503.648074,,,
652,284970.4916,-8234.3129,NA,NA,NA,NA,NA,NA,NA,,,
653,1717.655977,257.9840699,-2350.845674,-126.4837166,754.7886901,15678.76177,-447.5523271,15604.77351,-1120.407177,,,
1306,-7190.541846,357.004449,NA,-39.88966976,NA,36168.06018,NA,NA,NA,,,
2612,-7190.541846,357.004449,NA,-39.88966976,NA,NA,NA,NA,NA,,,
5225,-8473.770361,357.5584722,NA,NA,NA,NA,NA,NA,NA,,,
1307,-101801.2199,908.4474459,20884.35202,1838.049681,1069.549293,19098.28256,12725.35305,NA,NA,,,
2614,37064.37104,-367.9908261,-5879.797783,NA,NA,NA,NA,NA,NA,,,
5229,24716.7957,-171.9975667,NA,NA,NA,NA,NA,NA,NA,,,
2615,-78345.14853,1209.507793,29142.04843,653.93803,NA,NA,NA,NA,NA,,,
5230,10358.27555,61.84655,6568.10763,NA,NA,NA,NA,NA,NA,,,
10460,10358.27555,61.84655,NA,NA,NA,NA,NA,NA,NA,,,
327,-3729.119987,213.8399875,-1067.667755,60.06590516,123.037779,26958.98163,656.7700913,252.96435,2291.508442,,,
654,-3667.829538,211.7569037,-1093.38735,61.12272985,126.2805421,26920.90319,644.1946895,357.0225708,2295.33307,,,
1308,-3332.535923,280.0298513,NA,NA,NA,NA,NA,NA,NA,,,
1309,-4568.157098,205.3926869,-1099.464584,90.5171343,96.22433308,27095.81522,906.857726,146.3807422,2509.722356,,,
2618,-4483.012906,246.4804109,-281.063051,57.30323024,459.6470557,NA,-182.4128229,-1245.853923,-475.8542114,,,
5236,1918.393649,117.2170907,-826.2004476,-54.91189354,NA,NA,NA,NA,NA,,,
10472,3547.72105,-6.24315,-1789.5381,NA,NA,NA,NA,NA,NA,,,
20944,-1641.93944,172.71066,NA,NA,NA,NA,NA,NA,NA,,,
5237,39246.83742,426.4732376,4344.82457,-1507.612198,461.9830385,NA,-3937.233275,-12607.98266,-9130.23937,,,
10474,43325.3674,-656.06005,-15616.21275,NA,NA,NA,NA,NA,NA,,,
20948,-920.568725,211.507325,NA,NA,NA,NA,NA,NA,NA,,,
10475,-2085.494962,236.1224154,856.538467,-52.88677008,932.9503957,NA,NA,NA,NA,,,
20950,-6441.974305,343.088685,-2234.382685,NA,NA,NA,NA,NA,NA,,,
41901,-6441.974305,343.088685,NA,NA,NA,NA,NA,NA,NA,,,
20951,-1573.317689,169.0989889,NA,NA,NA,NA,NA,NA,NA,,,
2619,-2572.602214,165.4183211,-595.2919541,75.4649817,-135.8988988,26158.94028,1652.132247,1041.366444,3425.600729,,,
5238,-1881.870645,242.027509,-1310.251107,19.58515128,310.2200636,29304.47697,-895.1180291,-2421.938013,1047.413258,,,
10476,-3086.502354,98.0702053,2159.269778,261.9226327,-1500.231259,24179.4144,5366.941385,-102.9400769,3560.715189,,,
20952,-11055.945,246.6072687,-1515.530671,292.9255253,-264.0726934,32700.55805,2867.103748,NA,NA,,,
41904,-6947.853144,306.9532214,-822.5478791,54.83173757,396.4644086,NA,NA,NA,NA,,,
83808,-7093.997375,352.0567464,-1019.353996,NA,NA,NA,NA,NA,NA,,,
167617,-7093.997375,352.0567464,NA,NA,NA,NA,NA,NA,NA,,,
83809,-301.180782,211.134054,NA,NA,NA,NA,NA,NA,NA,,,
41905,157306.9585,-3740.607213,NA,NA,NA,NA,NA,NA,NA,,,
20953,128517.0546,29593.75023,-872627.6213,-28430.23688,NA,NA,NA,NA,NA,,,
41906,-111718.447,5428.048887,NA,NA,NA,NA,NA,NA,NA,,,
41907,35139.1619,-450.6743567,NA,NA,NA,NA,NA,NA,NA,,,
10477,106084.7819,-2000.667451,-50434.07046,659.5412642,19598.70127,NA,NA,NA,NA,,,
20954,626520.6777,-6688.27887,-160729.5035,-4669.813263,NA,NA,NA,NA,NA,,,
41908,204948.2982,NA,NA,-4669.813263,NA,NA,NA,NA,NA,,,
41909,-8354.608563,351.1228125,NA,NA,NA,NA,NA,NA,NA,,,
5239,-12832.16671,522.4631209,17380.34239,-82.27881838,NA,NA,NA,NA,NA,,,
10478,-12832.16671,522.4631209,NA,-82.27881838,NA,NA,NA,NA,NA,,,
20957,-6788.7875,339.39275,NA,NA,NA,NA,NA,NA,NA,,,
41,-9186.185933,257.6626021,-1354.713279,248.1009894,640.4663205,22472.93671,-56.52904708,-408.3013451,-2345.646255,,,
82,-8476.175905,257.8296914,-1637.568379,219.386271,893.2607112,22639.12274,-353.5351405,-246.2708429,-2384.354319,,,
164,-13457.17056,226.1583383,-931.5003861,423.8128681,1694.674798,21483.17843,-2804.794717,125.9470076,-3300.439264,,,
328,-38749.81559,480.6017227,3498.001426,846.4068159,-4292.785742,24168.15489,-2911.704142,4769.300943,NA,,,
656,15333.69851,174.9467071,-1272.252907,NA,NA,NA,NA,NA,NA,,,
1312,14061.44561,174.9467071,NA,NA,NA,NA,NA,NA,NA,,,
657,626.6973906,246.3674135,23.23954265,-169.2803309,2573.366499,33516.20067,2333.338781,NA,NA,,,
1314,-3871.364646,275.6515736,NA,NA,NA,NA,NA,NA,NA,,,
1315,-154641.989,-885.9366633,17830.21102,6982.113838,-31252.72792,NA,NA,NA,NA,,,
2631,-206099.3372,2953.570615,24912.92592,2344.227566,NA,NA,NA,NA,NA,,,
5263,-216311.7971,4894.25615,12696.1514,NA,NA,NA,NA,NA,NA,,,
10526,-362317.5382,8068.294,NA,NA,NA,NA,NA,NA,NA,,,
329,-10889.82746,192.9989854,-2192.528431,393.5427883,1909.342995,22167.8935,-1860.625722,-593.2276297,-3850.532192,,,
658,-8318.423162,94.22423153,706.1287819,489.0061925,1366.5237,21262.01632,-2298.497877,-9167.781337,-5590.618792,,,
1316,18315.92826,-21.19967264,7855.502361,37.84458101,-707.8329272,10690.95646,-11714.90163,-16172.72005,-17321.94574,,,
2632,32249.39101,-41.24038263,8260.951584,-468.0907763,-20.59189743,17892.82776,-13402.90598,-25398.3384,-18223.26829,,,
5264,-57947.88594,-217.5878648,-5548.931173,2635.474673,NA,NA,NA,NA,NA,,,
10528,326870.9484,-11484.24209,139099.0962,NA,NA,NA,NA,NA,NA,,,
21056,2306.3905,107.3492625,NA,NA,NA,NA,NA,NA,NA,,,
5265,-25999.94181,-148.479118,6954.024911,1416.855869,12060.85761,NA,NA,NA,NA,,,
10530,-62125.8404,2690.9726,7716.0757,NA,NA,NA,NA,NA,NA,,,
21061,-54409.7647,2690.9726,NA,NA,NA,NA,NA,NA,NA,,,
10531,-6844.9528,336.4255111,NA,NA,NA,NA,NA,NA,NA,,,
1317,-16565.66501,96.45767654,-1914.743416,683.936755,2362.501466,22410.26501,-599.3953505,-6370.692504,-4048.891499,,,
2635,-18243.42195,77.01153265,1756.106319,778.0292379,1140.977338,25076.53353,-3246.3691,-14601.64753,-5945.052704,,,
5270,-18243.42195,77.01153265,1756.106319,778.0292379,1140.977338,25076.53353,-3246.3691,NA,-5945.052704,,,
10540,-18067.24302,30.82117465,1961.945935,806.819992,1336.933539,25050.56793,-2748.340534,NA,-5758.030689,,,
21080,-30976.34244,-211.5071658,14595.9012,1510.661524,-2391.62654,27779.01031,-8801.793067,NA,-5337.609753,,,
42160,-9616.806892,-1046.518053,104903.7239,2326.353393,-23928.03843,NA,NA,NA,NA,,,
84320,-3878.5393,293.438375,13415.16405,NA,NA,NA,NA,NA,NA,,,
168640,81978.51062,-1048.07803,NA,NA,NA,NA,NA,NA,NA,,,
84321,-3379.616876,1177.347645,NA,NA,NA,NA,NA,NA,NA,,,
42161,-6176.657243,329.0920071,-651.4291,NA,NA,NA,NA,NA,NA,,,
84322,-3012.573043,236.0307071,NA,NA,NA,NA,NA,NA,NA,,,
21081,-3857.380541,260.0564824,NA,NA,NA,NA,NA,NA,NA,,,
659,-7376.740623,161.7882445,-2999.944747,294.0883812,2030.462015,22196.15366,-1472.444913,2098.683885,-4826.921568,,,
1318,184448.1921,-8053.731411,NA,-163.4425359,NA,NA,NA,NA,NA,,,
2636,7266.101091,NA,NA,-163.4425359,NA,NA,NA,NA,NA,,,
1319,-7022.025745,189.2494769,-3443.795958,270.2430649,1787.613706,21854.0639,-1350.919994,1378.584597,-5100.166904,,,
2638,-5288.747305,164.8296504,-2416.729731,235.1072259,1729.154169,21093.97845,-263.5447074,1064.776252,-5340.885731,,,
5276,-7925.521389,197.9849451,-590.7705114,211.4727646,3342.696765,19493.83375,-1329.73946,5213.068852,-3614.117042,,,
10552,-607406.7438,791.7461217,7324.789668,15422.32363,48244.81424,NA,NA,NA,NA,,,
21104,-104781.7196,3143.650475,NA,NA,NA,NA,NA,NA,NA,,,
21105,71234.93786,-793.3670848,-14067.88132,NA,NA,NA,NA,NA,NA,,,
42210,57167.05654,-793.3670848,NA,NA,NA,NA,NA,NA,NA,,,
10553,17111.4194,80.84744533,-4812.921984,-400.4954787,-1498.875958,11428.70159,-2098.78345,3217.22017,-1923.788063,,,
21106,-22378.42473,344.0228411,3071.299951,496.1323231,789.7123461,18884.82293,NA,-3417.413587,NA,,,
42212,42789.14762,125.4298599,-17093.44241,-1013.884981,NA,NA,NA,NA,NA,,,
84424,18179.394,-68.13,NA,NA,NA,NA,NA,NA,NA,,,
84425,-4520.964029,272.201781,NA,NA,NA,NA,NA,NA,NA,,,
42213,60896.96243,273.7353413,NA,-1821.670958,NA,NA,NA,NA,NA,,,
84427,-92053.13361,2449.330943,NA,NA,NA,NA,NA,NA,NA,,,
21107,8130.786595,-2735.549021,-41188.05417,3384.792048,4374.62611,57308.99351,-69184.29529,4043.134331,23797.90639,,,
42214,-160316.9421,-4275.866587,-77082.27626,15987.39031,-57532.13714,NA,-318554.7077,-83047.82111,NA,,,
84428,293965.3866,-1036.986841,18818.00857,-10512.53488,22600.6922,NA,105723.8168,NA,NA,,,
168857,127483.9014,-2040.491876,14835.91813,-2302.039142,23503.84673,NA,NA,NA,NA,,,
337714,80806.22101,-2321.852216,NA,NA,NA,NA,NA,NA,NA,,,
337715,-2236.0314,220.988819,12847.92742,NA,NA,NA,NA,NA,NA,,,
675431,-2236.0314,220.988819,NA,NA,NA,NA,NA,NA,NA,,,
42215,-1250.81762,159.75862,NA,NA,NA,NA,NA,NA,NA,,,
5277,-729161.3247,18405.23006,-106948.048,-6930.039033,80506.96041,NA,NA,NA,NA,,,
10555,-590464.4494,5841.060805,162791.6685,6548.763236,NA,NA,NA,NA,NA,,,
21111,-292779.5019,5426.3058,83889.98615,NA,NA,NA,NA,NA,NA,,,
42223,-208889.5158,5426.3058,NA,NA,NA,NA,NA,NA,NA,,,
2639,51546.85297,2770.502219,3116.364388,-3900.211764,-19997.56189,NA,NA,NA,NA,,,
5278,349679.3458,-13881.85415,43441.4583,NA,NA,NA,NA,NA,NA,,,
10557,393120.804,-13881.85415,NA,NA,NA,NA,NA,NA,NA,,,
5279,-323386.0696,7211.49953,NA,NA,NA,NA,NA,NA,NA,,,
165,-7288.965567,266.6714779,-1540.157771,150.6150319,638.0357498,23403.09577,830.6343099,217.963089,-1403.779524,,,
330,-19674.17716,1082.059993,NA,NA,NA,NA,NA,NA,NA,,,
331,-6430.192506,247.8839771,-1674.981328,148.7437389,670.6469103,22512.16831,907.4764471,-167.1425059,-1308.513011,,,
662,-6305.864719,243.2289472,-687.328827,155.2499562,204.7119443,19162.97605,-691.3529351,-1290.158031,-1134.945526,,,
1324,-11191.30591,305.419489,3106.439303,233.215729,-1102.401841,11758.06324,NA,NA,NA,,,
2649,-41490.26829,515.7906938,17762.70159,1162.842984,-8214.566801,NA,NA,NA,NA,,,
5298,68497.47287,-1081.77179,-5226.21306,NA,NA,NA,NA,NA,NA,,,
10596,48712.52343,-708.4708571,NA,NA,NA,NA,NA,NA,NA,,,
5299,2520.947514,41.91438571,NA,NA,NA,NA,NA,NA,NA,,,
1325,-6282.303441,244.4286583,-666.2698324,154.9490492,139.9076041,20507.15551,-727.8798807,-1239.725867,-1095.302142,,,
2650,-8760.133947,284.7885353,-1858.7667,225.793884,126.2692484,23729.24109,-1963.874653,-1517.383674,-1110.888794,,,
5300,-10480.06695,247.6666143,-1406.004347,340.5798884,70.43911386,23045.81057,-2176.957083,-1703.377099,-1356.154281,,,
10600,-13642.94684,254.9532867,-1261.157463,481.5914197,-1035.176125,24672.61728,-1598.250414,-322.6679165,-2667.20098,,,
21200,-9834.655871,293.9762889,-1317.855615,239.914602,-84.21995974,32122.9965,1135.238659,-1486.452602,-1551.160698,,,
42400,20729.21592,258.3330458,1305.027621,-996.4820236,2126.207717,NA,-8241.388124,NA,NA,,,
84801,28970.60404,258.3330458,-6936.360503,-996.4820236,-6115.180407,NA,NA,NA,NA,,,
169602,-9815.485113,435.8314063,-3531.6112,NA,NA,NA,NA,NA,NA,,,
339205,-13347.09631,435.8314062,NA,NA,NA,NA,NA,NA,NA,,,
169603,-3765.330627,253.1903455,NA,NA,NA,NA,NA,NA,NA,,,
42401,-629864.7665,6164.181399,-116301.6357,17546.5942,NA,NA,NA,NA,NA,,,
84802,-3402.681667,232.9643333,NA,NA,NA,NA,NA,NA,NA,,,
84803,75224.76568,-1345.76092,NA,NA,NA,NA,NA,NA,NA,,,
21201,-4580.680282,535.0034027,-3919.558568,-389.6293277,3839.26327,8698.518554,NA,NA,NA,,,
42402,-3485.278063,1301.784956,5351.643953,-1638.772209,5775.114443,NA,NA,NA,NA,,,
84804,107670.8773,-1645.431692,NA,NA,NA,NA,NA,NA,NA,,,
84805,34136.77827,-924.7669833,11865.44723,NA,NA,NA,NA,NA,NA,,,
169611,223983.934,-6857.4906,NA,NA,NA,NA,NA,NA,NA,,,
10601,-5439.669408,269.8814189,-1020.417319,20.56925695,803.7886111,NA,NA,NA,NA,,,
21203,-4821.42082,142.6976055,-9.491433844,173.2770946,NA,NA,NA,NA,NA,,,
42407,-4610.88915,287.0126714,-244.5294357,NA,NA,NA,NA,NA,NA,,,
84814,-2043.330075,225.8803125,NA,NA,NA,NA,NA,NA,NA,,,
5301,-443.937,174.3643,NA,NA,NA,NA,NA,NA,NA,,,
2651,-2761.774561,254.176623,-554.199977,-7.859039409,473.0225569,13868.11435,-289.2994663,-420.7643375,-293.543339,,,
5302,-2919.76057,253.3079139,-578.8120277,-6.326203923,457.7879596,13867.71938,-69.8516291,-121.249271,-108.2653782,,,
10604,-3460.632211,239.1249616,-902.6843288,20.97370752,507.1320799,14223.79961,232.3156507,63.79221525,-141.2029,,,
21208,-3321.702584,212.8862169,-1049.905003,63.34,427.6277139,NA,NA,434.442512,-587.1103223,,,
42416,-3216.861455,191.9179911,-735.3816161,63.34,721.182875,NA,NA,916.7117054,NA,,,
84832,-2316.096518,264.4916036,-1204.203904,NA,NA,NA,NA,NA,NA,,,
169664,-2316.096518,264.4916036,NA,NA,NA,NA,NA,NA,NA,,,
84833,-10844.82137,412.6844333,1708.303933,NA,NA,NA,NA,NA,NA,,,
169667,-4668.645608,281.2764385,NA,NA,NA,NA,NA,NA,NA,,,
21209,-5340.787844,277.7740734,-788.8941805,48.05283921,459.2170952,14618.61745,-196.9468193,-898.0539268,-944.959757,,,
42418,3581.117082,192.0801108,-426.2021164,-112.2272329,NA,NA,NA,NA,NA,,,
84836,-3179.324732,234.861132,NA,NA,NA,NA,NA,NA,NA,,,
84837,2581.13135,113.9387,NA,NA,NA,NA,NA,NA,NA,,,
42419,-4040.93456,295.8469696,-462.5496893,-45.79356695,494.3284589,14032.14618,NA,NA,NA,,,
84838,-5716.177219,317.7503119,NA,NA,NA,NA,NA,NA,NA,,,
84839,39915.78871,642.5150262,1161.238281,-1687.840256,NA,NA,NA,NA,NA,,,
169678,-196559.573,5093.911,NA,NA,NA,NA,NA,NA,NA,,,
169679,659.9819,173.2959,NA,NA,NA,NA,NA,NA,NA,,,
10605,-2807.685574,257.1149932,NA,NA,NA,NA,NA,NA,NA,,,
5303,834.95209,371.6514291,562.534444,-273.4936278,NA,NA,NA,NA,NA,,,
10606,-5441.15835,294.0072833,NA,NA,NA,NA,NA,NA,NA,,,
10607,-3815.80705,304.8408429,NA,NA,NA,NA,NA,NA,NA,,,
663,-5524.506898,189.878362,-2774.185687,168.41146,1558.485733,21930.1848,3214.248806,1181.975488,-186.1223914,,,
1326,-11172.94896,490.1311456,2555.458803,-75.16671116,-2354.123119,34286.99461,3072.639896,3083.630439,7756.252935,,,
2652,-9587.207736,420.2672222,3657.529835,-59.22882715,-2417.078296,34185.54701,-1952.338463,3221.561961,10292.05918,,,
5304,-63128.94152,-939.6722394,-39042.90577,5250.260937,-25109.73983,66086.31372,55328.09748,-55406.79139,14599.61172,,,
10608,-6144.434575,189.0695801,-1841.336721,246.1553184,-608.2736357,NA,1959.332101,-2608.448368,16957.84996,,,
21216,-56942.59965,2425.168963,NA,-1684.969368,9912.35065,NA,NA,NA,NA,,,
42433,-406.869439,129.5090322,NA,90.48301451,NA,NA,NA,NA,NA,,,
84866,-945.9836909,200.5793273,NA,NA,NA,NA,NA,NA,NA,,,
21217,-4942.17784,323.2588605,NA,-3.944514558,-1461.235577,NA,NA,NA,NA,,,
42435,-3183.541214,267.1382518,NA,-23.03315698,NA,NA,NA,NA,NA,,,
84870,-3542.3978,258.1953783,NA,NA,NA,NA,NA,NA,NA,,,
10609,210157.7994,-4833.2787,NA,NA,NA,NA,NA,NA,NA,,,
5305,-9327.3182,375.2968938,813.5057446,7.576012717,-86.05449316,35663.29993,-1349.954093,-145.5811668,1709.10341,,,
10610,68006.26521,-1383.354935,NA,NA,NA,NA,NA,NA,NA,,,
10611,-11678.86444,410.6843534,2702.103371,14.99367471,-1361.766395,35142.03258,-2737.199708,1845.793297,NA,,,
21222,8341.92,30.07373333,-2716.463467,NA,NA,NA,NA,NA,NA,,,
42445,5625.456533,30.07373333,NA,NA,NA,NA,NA,NA,NA,,,
21223,-104452.6429,-811.3905435,-29631.99409,4647.259753,14645.67077,NA,NA,NA,NA,,,
42446,71910.69642,-1348.149045,28184.22782,NA,NA,NA,NA,NA,NA,,,
84892,403075.3733,-8394.206,NA,NA,NA,NA,NA,NA,NA,,,
42447,-128965.2876,3389.137338,NA,NA,NA,NA,NA,NA,NA,,,
2653,-38355.61584,1121.312546,8982.40526,NA,NA,NA,NA,NA,NA,,,
5306,-38355.61584,1121.312546,NA,NA,NA,NA,NA,NA,NA,,,
1327,-2115.986127,40.02787651,-4112.561199,231.3539026,2750.151511,16632.20316,4393.235344,-357.2480313,-3770.955455,,,
2654,10979.58141,-99.15400773,392.0672983,-197.5563061,2905.69341,10088.89063,9077.455112,-2990.56324,3250.719882,,,
5308,16752.63968,-195.1224141,-437.5638857,-349.1828206,3453.21017,10618.00994,10554.33811,-1146.995524,6565.372907,,,
10616,26916.74102,-367.7218244,-2749.796414,-597.0635945,5092.304078,13001.30447,11253.43544,NA,12649.34246,,,
21233,35666.2653,-444.7834923,-23.70221132,-840.0074737,4842.539442,9028.908171,12855.05098,NA,13550.4906,,,
42466,-1918.953185,229.0382853,13314.4443,NA,NA,NA,NA,NA,NA,,,
84933,2203.73595,NA,13314.4443,NA,NA,NA,NA,NA,NA,,,
42467,-26637.26106,-484.115108,-25189.54889,1055.75461,13799.79739,NA,NA,NA,NA,,,
84935,80526.65001,-397.6228472,-6316.680684,-1598.958343,NA,NA,NA,NA,NA,,,
169871,-13572.0485,473.80945,1710.0902,NA,NA,NA,NA,NA,NA,,,
339742,-13572.0485,473.80945,NA,NA,NA,NA,NA,NA,NA,,,
10617,-270952.7408,-1355.497026,-50841.477,11523.71171,-10243.64324,58915.97634,57091.2264,NA,NA,,,
21234,7271.042631,375.4080472,NA,NA,NA,NA,NA,NA,NA,,,
21235,75937.9316,258.559558,10163.2846,-2973.582669,6669.622105,NA,NA,NA,NA,,,
42471,359047.3971,279.2910654,48030.86374,-13635.50078,NA,NA,NA,NA,NA,,,
84942,-28609.88999,1318.998,5999.432597,NA,NA,NA,NA,NA,NA,,,
169884,-36609.13345,1652.299811,NA,NA,NA,NA,NA,NA,NA,,,
5309,-3425.24701,279.5976172,-1047.48069,NA,NA,NA,NA,NA,NA,,,
10619,-2953.8807,253.4106,NA,NA,NA,NA,NA,NA,NA,,,
2655,-73609.56683,773.2260928,-608.2943606,1163.67517,9320.597006,31856.95988,11182.65016,-4134.548216,31912.87036,,,
5310,7440.298472,431.5791142,-2835.691734,-562.8714835,-666.4303676,22815.62881,NA,NA,NA,,,
10621,57011.41605,1135.228952,-16597.69264,-3111.068427,-2668.212807,NA,NA,NA,NA,,,
21242,-4855.0094,297.5075857,97.40927143,NA,NA,NA,NA,NA,NA,,,
42484,-5673.24728,316.98944,NA,NA,NA,NA,NA,NA,NA,,,
21243,-43565.65444,2384.370023,NA,NA,NA,NA,NA,NA,NA,,,
5311,-179838.9128,794.9477119,44133.06864,5455.86975,NA,NA,NA,NA,NA,,,
10622,29557.3682,-335.9052909,-5341.750227,NA,NA,NA,NA,NA,NA,,,
21244,-7167.164612,331.8134875,NA,NA,NA,NA,NA,NA,NA,,,
83,-11339.76097,279.4462022,570.6185773,293.0815275,-830.0399399,23140.23451,3038.199753,-696.0675912,-2974.1319,,,
166,-11799.09278,303.0220208,634.6124744,271.2708715,-758.9926393,24194.83135,3399.3614,-325.0851105,-4526.071346,,,
332,-11884.55085,303.4224972,402.5517283,271.5867762,-738.0359459,24030.39468,3448.714038,-21.13136887,-4276.551751,,,
664,-18018.28495,78.73761754,-2346.39835,709.5044766,-665.56681,23314.94422,-3796.175992,2665.709838,-2530.628054,,,
1328,-92152.51338,3209.667869,NA,NA,NA,NA,NA,NA,NA,,,
1329,20569.59848,479.7692964,5016.475518,-988.3190886,-457.3879395,4578.774031,4998.094844,3030.532661,285.4290546,,,
2658,-15101.8672,349.6186549,180.5296844,237.0780817,NA,NA,NA,NA,NA,,,
5316,-3444.145225,248.267775,-238.505825,NA,NA,NA,NA,NA,NA,,,
10633,-4289.756786,269.9501227,NA,NA,NA,NA,NA,NA,NA,,,
2659,-17699.36701,62.94424741,-181.4893152,917.6666714,-2807.609616,29844.67526,-9225.39052,1910.406929,-10493.48562,,,
5318,-192566.0234,-2584.721524,-41726.42567,10415.64988,-4874.792728,135620.3836,-90199.63089,-17982.24515,-57091.40095,,,
10636,1682.657801,141.8533028,686.3568772,12.54666902,573.1876288,10388.95532,-2650.068195,-4025.048119,NA,,,
21272,-2431.458828,245.7471724,NA,NA,NA,NA,NA,NA,NA,,,
21273,8115.839976,223.6843872,2018.845224,-318.7532679,743.1444964,8157.318947,NA,NA,NA,,,
42546,-8359.260917,865.5232724,5531.304519,-185.4564111,NA,NA,NA,NA,NA,,,
85092,22868.3724,-118.3364,NA,NA,NA,NA,NA,NA,NA,,,
85093,-11636.2757,724.5764,NA,NA,NA,NA,NA,NA,NA,,,
42547,-4332.3739,299.4921438,NA,NA,NA,NA,NA,NA,NA,,,
10637,16831.35293,-11.65977233,NA,NA,NA,NA,NA,NA,NA,,,
5319,-456.049282,193.086182,NA,NA,NA,NA,NA,NA,NA,,,
665,7281.242021,-41.5509665,1391.126054,459.0183593,5702.027551,NA,-2332.759007,-18414.55363,-12554.27322,,,
1330,-4560.24652,352.2083605,102.4873918,-148.1192619,NA,NA,NA,2677.730608,-195.7569005,,,
2660,-2651.55112,213.1737467,NA,NA,NA,NA,NA,NA,NA,,,
2661,-1287.99498,208.7421083,-3062.216187,73.87880734,NA,NA,NA,NA,NA,,,
5322,-2939.626416,225.6389065,NA,NA,NA,NA,NA,NA,NA,,,
5323,-35914.28885,815.441625,NA,NA,NA,NA,NA,NA,NA,,,
1331,16628.69807,87.37228784,-1613.281644,-472.6888295,534.8062713,NA,27397.11046,NA,NA,,,
2662,-6506.954032,328.5206614,NA,NA,NA,NA,NA,NA,NA,,,
2663,56433.58898,23.50549544,-32684.04499,-697.6599182,NA,NA,NA,NA,NA,,,
5327,17326.62313,278.7527966,-22035.10835,NA,NA,NA,NA,NA,NA,,,
10655,-37761.14774,1655.947068,NA,NA,NA,NA,NA,NA,NA,,,
333,-5335.360033,295.9689944,NA,NA,NA,NA,NA,NA,NA,,,
167,-150286.1625,4842.486085,NA,NA,NA,NA,NA,NA,NA,,,
21,-12481.72224,234.2797725,-343.3536802,403.7715749,739.7845712,24089.93999,-1505.114166,-2268.885277,-926.4968444,,,
42,-12491.2445,241.458146,165.1744798,387.595178,654.665859,24188.93643,-1852.42632,-2244.386555,-578.7321399,,,
84,-12359.24092,243.5271527,483.6507434,402.9694365,238.6206695,24504.64137,-1678.30725,-2591.586245,-1377.390952,,,
168,-12399.8259,243.2434865,488.2353573,405.3991655,223.1384461,24473.35894,-1673.878932,-2552.373662,-1345.884653,,,
336,-11458.5119,228.8620714,-26.13458583,406.1387305,57.75395991,24809.43335,-1323.40388,-2382.605249,-1542.373897,,,
672,-10352.16546,235.7042009,128.425838,356.8191417,18.60735699,25080.76387,-1680.043036,-2287.49947,-618.9923235,,,
1344,-132797.8475,1450.376599,-434.8730636,2564.370424,3814.572051,51577.32853,-12686.20869,-20393.50392,43877.8595,,,
2688,-3953.223079,280.8255464,-1194.744139,NA,NA,NA,NA,NA,NA,,,
5377,-10687.2355,389.43865,NA,NA,NA,NA,NA,NA,NA,,,
2689,-24433.26456,-376.8845694,-7885.520784,1890.107175,187.0512979,9425.598479,NA,NA,NA,,,
5378,-5645.766464,347.1029409,22133.76592,NA,NA,NA,NA,NA,NA,,,
10757,-5645.766464,347.1029409,NA,NA,NA,NA,NA,NA,NA,,,
5379,1682905.181,-35362.26375,-938194.5619,NA,NA,NA,NA,NA,NA,,,
10758,-13061.91204,722.1424781,NA,NA,NA,NA,NA,NA,NA,,,
1345,-10432.74791,244.4915351,-2.978142866,345.2215514,49.20813988,25057.40019,-1675.354628,-2149.656616,-955.032051,,,
2690,-6964.156339,255.9435889,181.3620641,175.2363946,-171.5035546,23524.05749,1046.855681,932.3599083,1122.764598,,,
5380,-5685.380508,222.0671756,-888.4343838,139.2794386,-512.2508105,25816.90806,1623.847347,4143.228621,2724.614524,,,
10760,2107.938565,468.3141119,-8897.397772,-292.7414267,-4751.753349,36570.73452,7234.284859,11319.6467,8369.579859,,,
21520,-19729.71919,145.580443,NA,577.5832886,NA,NA,NA,NA,NA,,,
43040,348.519875,162.1859625,NA,NA,NA,NA,NA,NA,NA,,,
21521,-1929.975377,633.4846807,-9438.598386,-361.9792716,-6090.176305,39615.85746,5454.919149,11027.69472,11671.2528,,,
43042,-4485.591703,861.6143675,-7658.982016,-545.6569726,-22099.74176,74515.47721,NA,15044.58314,13486.56588,,,
86084,1381904.148,-1780.336717,117426.0566,-42565.1729,NA,NA,NA,NA,NA,,,
172168,-164559.5257,5810.45245,55422.7881,NA,NA,NA,NA,NA,NA,,,
344337,-3833.44016,268.17364,NA,NA,NA,NA,NA,NA,NA,,,
86085,106446.6238,42.20767355,4719.259382,-3206.680717,-78559.11885,247861.4431,NA,NA,NA,,,
172170,-38369.99303,1276.233982,-22429.31941,967.231798,-4388.69345,NA,NA,NA,NA,,,
344341,-23897.96373,886.9212136,-21555.08307,781.4157527,NA,NA,NA,NA,NA,,,
688682,-31183.1629,2089.099295,-15039.27788,NA,NA,NA,NA,NA,NA,,,
1377364,-392125.8319,17128.37717,NA,NA,NA,NA,NA,NA,NA,,,
43043,-5567.28818,310.4383269,-683.4188201,-16.71578416,654.8361394,15483.85923,NA,NA,NA,,,
86086,-15889.861,310.4383269,4477.86759,-16.71578416,5816.12255,NA,NA,NA,NA,,,
172172,18225.49585,699.5932483,19867.75914,-1355.743471,NA,NA,NA,NA,NA,,,
344344,-33926.26467,839.9072167,NA,NA,NA,NA,NA,NA,NA,,,
344345,45257.6481,-1300.7401,NA,NA,NA,NA,NA,NA,NA,,,
10761,-9240.941422,222.4786188,1197.267358,196.9961702,38.90121945,26053.23578,2055.952979,4829.359385,1450.58129,,,
21522,-6274.379839,233.9566853,-367.0525514,156.1022597,401.2420949,31752.10541,-1462.733345,NA,NA,,,
43044,19313.20756,-586.4701263,NA,904.4961585,-1889.778728,NA,NA,NA,NA,,,
86088,19313.20756,-586.4701263,NA,904.4961585,NA,NA,NA,NA,NA,,,
172176,48682.72988,-671.5991765,NA,NA,NA,NA,NA,NA,NA,,,
43045,-16419.57695,704.6367,2972.89445,NA,NA,NA,NA,NA,NA,,,
86091,-5271.222763,333.0248938,NA,NA,NA,NA,NA,NA,NA,,,
21523,-10808.39715,228.4466077,1672.132166,225.5889105,111.3208087,25220.55525,2298.50769,5529.126537,1494.154097,,,
43046,-4368.608117,292.7070589,-962.7770734,0.972962963,248.3764141,13311.22872,93.44785084,NA,NA,,,
86092,-3780.667364,297.2098356,-1231.426949,-13.92344105,175.4517454,13027.14076,NA,NA,NA,,,
172184,2051.468607,105.6752143,NA,NA,NA,NA,NA,NA,NA,,,
172185,-37774.29251,3965.912032,-104005.4777,-1379.897284,NA,NA,NA,NA,NA,,,
344370,19910.82825,-216.74875,NA,NA,NA,NA,NA,NA,NA,,,
344371,-3470.22155,268.34629,NA,NA,NA,NA,NA,NA,NA,,,
43047,-5236.18206,195.276454,-104.8785507,138.2602824,472.0137529,26151.06391,765.7489654,6546.742368,-17.80414183,,,
86094,-102.9848133,214.4993901,-1082.23764,33.0668529,79.68768091,32104.24907,-1811.324263,-1138.618377,-2172.476427,,,
172188,184135.664,-1018.743467,-25266.81596,-2898.646131,-6562.757046,-3609.71913,NA,NA,NA,,,
344376,-3934.901589,311.9968239,-2222.658248,NA,NA,NA,NA,NA,NA,,,
688753,32738.9595,-799.3323,NA,NA,NA,NA,NA,NA,NA,,,
344377,136195.5023,-2143.777427,-36571.5719,NA,NA,NA,NA,NA,NA,,,
688754,136195.5023,-2143.777427,NA,NA,NA,NA,NA,NA,NA,,,
172189,-1615.529391,237.9214688,-2068.125168,87.55050309,186.0971726,33292.20237,-1811.815312,-2260.12937,-4144.853672,,,
344378,-2764.280236,304.8151216,-1887.391209,-33.53550737,-5.903179577,NA,NA,NA,NA,,,
688756,-3447.368431,285.4468615,-1152.699908,NA,NA,NA,NA,NA,NA,,,
1377512,-1334.085267,221.4079778,NA,NA,NA,NA,NA,NA,NA,,,
688757,-16900.1785,753.1203,NA,NA,NA,NA,NA,NA,NA,,,
344379,-3597.582907,232.0453628,-6242.02957,231.2532555,881.4956654,35160.40486,-346.5768732,-3367.884516,-10122.586,,,
688758,721.3183021,141.670803,-1745.889842,138.9453819,77.48643174,28883.10883,NA,NA,NA,,,
1377516,59983.98932,-1119.233142,-9739.905768,807.1706433,-3412.691232,NA,NA,NA,NA,,,
2755032,26817.0559,-688.8236685,-14315.92289,1106.492495,NA,NA,NA,NA,NA,,,
5510064,83603.694,-1182.896622,NA,NA,NA,NA,NA,NA,NA,,,
5510065,-1885.851243,243.2118433,NA,NA,NA,NA,NA,NA,NA,,,
688759,-27347.29114,-126.5408418,NA,2046.836843,-9705.64858,NA,NA,NA,NA,,,
1377518,-139422.961,933.0948418,NA,4148.326376,NA,NA,NA,NA,NA,,,
2755036,-148092.9631,8420.82395,NA,NA,NA,NA,NA,NA,NA,,,
86095,-7722.894626,117.7080278,6344.543256,311.9877127,-1993.20952,11164.24399,4597.575249,13698.3925,NA,,,
172190,-5577.243472,316.7173878,-298.11145,NA,NA,NA,NA,NA,NA,,,
344381,14692.66935,NA,-298.11145,NA,NA,NA,NA,NA,NA,,,
172191,-138922.3194,4425.912076,-69272.52614,3650.295506,-32663.893,NA,NA,NA,NA,,,
344382,160928.975,-2671.117123,NA,-1569.853019,NA,NA,NA,NA,NA,,,
688765,60901.1727,-1114.654026,NA,NA,NA,NA,NA,NA,NA,,,
344383,-30407.1424,1383.85022,NA,NA,NA,NA,NA,NA,NA,,,
5381,8149.64355,351.1200524,2021.429259,-260.0265001,-663.1525845,9028.898373,10479.44486,-3710.833974,-11576.5391,,,
10762,-46978.32652,585.8236162,-9171.512602,1146.968621,NA,NA,NA,-23966.13955,NA,,,
21524,-63653.90788,1536.675951,34904.84217,NA,NA,NA,NA,NA,NA,,,
43049,-2893.62707,243.9040185,NA,NA,NA,NA,NA,NA,NA,,,
21525,-3103.667136,254.1773023,NA,NA,NA,NA,NA,NA,NA,,,
10763,-39655.37877,-217.7163288,12418.65013,2467.553905,-16777.52562,-13383.39103,39372.73445,22851.39832,NA,,,
21526,72262.017,1024.762312,NA,-3619.08586,NA,NA,NA,NA,NA,,,
43053,133747.7557,NA,NA,-3619.08586,NA,NA,NA,NA,NA,,,
21527,-1178.998141,-344.9387129,26002.09832,1017.655381,-1552.175164,NA,NA,NA,NA,,,
43055,-14572.83492,-401.6493705,32061.9521,1479.080679,NA,NA,NA,NA,NA,,,
86110,-71723.78576,1541.41094,NA,NA,NA,NA,NA,NA,NA,,,
86111,28586.73929,-446.0217909,NA,NA,NA,NA,NA,NA,NA,,,
2691,-12642.51169,230.1023614,-246.6184888,477.7697953,2.152112923,26180.67044,-3190.559322,-4280.201758,-2329.76652,,,
5382,-12876.15551,222.7117422,-1298.25855,493.5382138,615.9138563,25453.09053,-2677.218151,-5384.53465,-1989.482351,,,
10764,1309.601812,145.7437341,-3060.417651,106.2385765,442.8207151,29904.62648,-4036.022879,-1317.335328,-1898.28918,,,
21528,1029.787858,129.2196476,-3229.531665,168.3856622,-389.3109256,26435.26333,-3336.687958,-4273.471286,-2028.951772,,,
43056,-2376.032705,222.552181,NA,NA,NA,NA,NA,NA,NA,,,
43057,-4028.522164,61.53718075,-3270.033186,412.0089772,-592.6235266,23279.9266,-1137.355475,-6231.532455,2498.492499,,,
86114,-3866.69856,724.85956,-16307.89848,1.39,3153.9528,1633.52408,NA,-8796.29264,-27347.0116,,,
172228,-465126.0754,-6126.625503,58487.96033,17864.80774,70718.00862,232760.2189,NA,NA,NA,,,
344457,-64852.53797,807.7290477,-11236.66846,1532.667485,12296.5819,NA,NA,NA,NA,,,
688914,-2921.015,240.05425,NA,NA,NA,NA,NA,NA,NA,,,
688915,-5446.34624,901.8458389,-20697.58603,NA,NA,NA,NA,NA,NA,,,
1377831,74387.19988,-2054.952166,NA,NA,NA,NA,NA,NA,NA,,,
172229,-6255.726657,316.3548796,NA,NA,NA,NA,NA,NA,NA,,,
86115,-94415.68284,-406.1370186,18637.87529,3390.345699,NA,NA,NA,NA,NA,,,
172230,2574.18195,110.3892528,NA,NA,NA,NA,NA,NA,NA,,,
172231,48167.19008,-702.0282147,NA,NA,NA,NA,NA,NA,NA,,,
21529,-64302.30411,2148.120054,64206.56547,-1670.559208,4194.16263,NA,NA,NA,NA,,,
43058,-95263.5926,1948.101131,47905.49305,NA,NA,NA,NA,NA,NA,,,
86117,-4408.347167,296.1875776,NA,NA,NA,NA,NA,NA,NA,,,
43059,-2465.529741,246.6891679,NA,NA,NA,NA,NA,NA,NA,,,
10765,-16008.32353,228.3355222,-1228.010258,601.0658675,602.8761992,24884.01269,-2266.220002,-5719.601081,-1828.331629,,,
21530,-16805.05106,248.7963301,541.8915503,500.9556122,969.1290646,19814.74639,661.7724883,-4127.102923,-529.0343369,,,
43060,-16938.71659,239.7409932,728.1501041,540.5874968,1017.931229,20604.6626,-291.3047774,-4710.769368,-1467.783375,,,
86120,-21993.38661,242.88767,-4219.566724,707.6458081,1266.237811,21074.35333,4664.497736,2144.086095,-757.0348862,,,
172240,4438.247488,619.0937273,-2658.905472,-787.2587664,9033.296411,-2809.141944,-5628.997774,NA,NA,,,
344480,-2957.011033,232.1581833,NA,NA,NA,NA,NA,NA,NA,,,
344481,-13676.40287,775.6879771,667.9353538,-631.1364975,8999.297313,2657.675764,-2785.369616,NA,NA,,,
688962,-39244.88659,-141.0660795,NA,2043.407173,NA,NA,NA,NA,NA,,,
1377924,-38516.92279,1246.918243,NA,NA,NA,NA,NA,NA,NA,,,
688963,19778.44929,306.0961636,242.1373205,-761.8641999,NA,NA,NA,NA,NA,,,
1377927,-58376.35075,1158.691464,29208.2142,NA,NA,NA,NA,NA,NA,,,
2755855,-3500.311945,273.5940636,NA,NA,NA,NA,NA,NA,NA,,,
172241,-10148.78797,202.0726855,-1235.369186,314.6714304,32.72319612,23226.34432,4485.280854,7148.655715,-82.09837211,,,
344482,-14253.64617,288.2713908,-686.0360682,259.6510559,1077.297838,21666.20852,4089.091522,5811.576819,1540.343881,,,
688964,-32834.98042,422.6220323,4117.529481,481.4403095,4510.774365,20905.64768,2043.873961,14882.2487,6167.28943,,,
1377928,1220.046746,268.9341818,-14354.12116,323.2843542,NA,NA,NA,NA,NA,,,
2755856,-13134.07442,268.9341818,NA,323.2843542,NA,NA,NA,NA,NA,,,
5511712,-4239.015624,289.102717,NA,NA,NA,NA,NA,NA,NA,,,
1377929,-56904.57967,1814.270368,20077.59242,-794.3900564,-5266.920644,53426.89276,9023.904154,NA,NA,,,
2755859,-11454.0197,334.1323863,-300.395208,103.3433669,1608.034128,31764.58526,NA,NA,NA,,,
5511718,63490.73479,-1740.352037,-17617.50972,1361.559848,NA,NA,NA,NA,NA,,,
11023436,188774.6642,-3508.110572,-41276.88134,NA,NA,NA,NA,NA,NA,,,
22046872,-2599.967505,244.3331864,NA,NA,NA,NA,NA,NA,NA,,,
5511719,-8361.51272,381.63807,NA,NA,NA,NA,NA,NA,NA,,,
688965,-2271.484888,298.0394001,1419.603385,-113.6404502,NA,NA,NA,NA,NA,,,
1377930,-6594.713474,316.6665522,1005.211013,NA,NA,NA,NA,NA,NA,,,
2755860,-4618.953897,282.0041034,NA,NA,NA,NA,NA,NA,NA,,,
86121,-12241.6315,175.6553139,5184.671118,676.6695579,216.4824733,20448.89834,-9369.588095,-14870.03389,-9443.074405,,,
172242,-2039.612224,252.8768153,-829.394691,-34.15726971,587.0876278,NA,NA,NA,NA,,,
344485,-6206.437318,192.0630274,1211.302364,127.4974105,NA,NA,NA,NA,NA,,,
688970,-2961.883516,242.1185258,NA,NA,NA,NA,NA,NA,NA,,,
688971,-9916.535,587.305,NA,NA,NA,NA,NA,NA,NA,,,
172243,21250.80353,-59.86461438,3724.619058,242.937216,-2339.804724,16934.30208,-17045.24468,-19581.45774,-14346.69673,,,
344486,2081786,-180950.3521,-1961392.533,264790.0013,NA,NA,NA,NA,NA,,,
688972,-287819.7219,5197.018804,91259.55733,NA,NA,NA,NA,NA,NA,,,
1377944,-196560.1646,5197.018804,NA,NA,NA,NA,NA,NA,NA,,,
344487,-8078.501618,89.59134551,672.7079558,549.4476688,-1336.287705,20474.73948,NA,-6251.293066,887.6547448,,,
688974,-3290.953205,263.7136421,531.8737454,-32.51187864,531.6860501,12089.98271,NA,NA,NA,,,
1377948,-37094.67694,638.8847627,6903.100859,124.710173,8049.06192,NA,NA,NA,NA,,,
2755896,18008.47892,-347.7702435,13525.4784,NA,NA,NA,NA,NA,NA,,,
5511792,31533.95732,-347.7702435,NA,NA,NA,NA,NA,NA,NA,,,
2755897,-2312.718932,243.9594816,NA,NA,NA,NA,NA,NA,NA,,,
688975,131008.1645,-5064.6605,NA,NA,NA,NA,NA,NA,NA,,,
43061,-168116.0366,984.3783253,-69136.56757,5130.973964,28716.49374,NA,NA,NA,NA,,,
86123,40637.97423,-14.71026673,16513.36937,-1295.911716,NA,NA,NA,NA,NA,,,
172247,-1455.00545,186.7451,-757.01045,NA,NA,NA,NA,NA,NA,,,
344495,-4158.6142,294.88945,NA,NA,NA,NA,NA,NA,NA,,,
21531,-4914.114284,194.9730012,-1890.193583,362.3005677,100.1931309,30163.33787,-5864.175797,-6784.375467,-3284.01943,,,
43062,-17403.86554,203.2799165,-5608.66636,582.4340901,2291.233784,19355.65655,-375.8023754,-2389.238421,9400.832717,,,
86124,-824.829559,229.0008966,-3585.809031,136.7812007,547.9871998,13911.32341,-4102.457588,-4744.931888,-2218.5267,,,
172248,-597.0449058,174.855771,-3470.840609,163.595741,2388.362465,NA,-3390.799671,-6275.365545,-1429.797504,,,
344496,-22733.89646,973.9179763,-4197.361805,NA,NA,NA,NA,NA,NA,,,
688992,-22733.89646,973.9179763,NA,NA,NA,NA,NA,NA,NA,,,
344497,271.6711542,241.1154546,-1793.898057,-37.22596672,978.0881354,NA,-1022.039706,-1495.449543,NA,,,
688994,-3164.004089,266.5536605,NA,NA,NA,NA,NA,NA,NA,,,
688995,-623.2840143,171.4517286,-4711.003892,106.8083201,877.9585857,NA,NA,NA,NA,,,
1377990,-8782.327429,362.1590643,NA,NA,NA,NA,NA,NA,NA,,,
1377991,7206.176531,126.0255406,-7170.634063,NA,NA,NA,NA,NA,NA,,,
2755983,35.54246875,126.0255406,NA,NA,NA,NA,NA,NA,NA,,,
172249,46916.79386,538.2495839,2905.289859,-2114.302094,NA,NA,NA,NA,NA,,,
344499,-9481.894142,641.722247,-7606.315383,NA,NA,NA,NA,NA,NA,,,
688999,-9481.894142,641.722247,NA,NA,NA,NA,NA,NA,NA,,,
86125,-52995.51391,-1013.864234,-21471.13904,4161.469363,NA,NA,NA,NA,NA,,,
172250,-135557.0232,6601.6247,NA,NA,NA,NA,NA,NA,NA,,,
172251,-435532.3244,9097.9956,NA,NA,NA,NA,NA,NA,NA,,,
43063,15226.23863,81.9313442,153.332391,-216.9163294,263.3415905,40241.06182,-3497.559771,-7398.170841,-2650.946213,,,
86126,20412.23907,110.0418889,2588.223204,-500.8305188,999.0393406,37318.24272,-1604.290491,-5455.903647,1863.907317,,,
172252,24643.66871,151.0618646,4249.221667,-550.8273903,307.3531003,34634.56571,-6191.340554,-8095.731156,-1933.200175,,,
344504,96406.98676,-395.6373786,18721.30554,-2293.32774,-6266.481108,36421.9297,28485.39064,NA,NA,,,
689008,-1133400.517,-1943.386297,NA,39186.64848,-35209.46219,NA,NA,NA,NA,,,
1378017,-993148.0984,816.5002874,NA,30823.3558,NA,NA,NA,NA,NA,,,
2756035,-216707.7659,10988.2077,NA,NA,NA,NA,NA,NA,NA,,,
689009,40065.64742,-599.1685364,48475.29415,NA,NA,NA,NA,NA,NA,,,
1378019,-2350.234966,915.6844059,NA,NA,NA,NA,NA,NA,NA,,,
344505,35930.99594,310.104,21688.52052,185.8426316,-11346.7006,-1744.960339,-46084.14894,-34876.79397,NA,,,
689010,-10153.153,310.104,-22650.66808,185.8426316,32992.488,NA,NA,NA,NA,,,
1378021,6670.211986,-1185.306221,-49661.5152,3137.310173,NA,NA,NA,NA,NA,,,
2756043,-510958.5151,9171.738988,303446.6664,NA,NA,NA,NA,NA,NA,,,
5512086,-10681.57858,970.4777332,NA,NA,NA,NA,NA,NA,NA,,,
689011,-24215.58138,1468.612582,-21251.4792,NA,NA,NA,NA,NA,NA,,,
1378023,-45467.06058,1468.612582,NA,NA,NA,NA,NA,NA,NA,,,
172253,2875.598304,173.3083263,-132.4044897,-32.60846608,-1293.589971,NA,NA,-1734.362036,NA,,,
344506,-1087.106231,263.0037932,-47.20315882,-70.05960052,-293.2701702,NA,NA,NA,NA,,,
689013,-1087.106231,263.0037932,-340.473329,-70.05960052,NA,NA,NA,NA,NA,,,
1378026,6325.9001,95.21105,-5615.61095,NA,NA,NA,NA,NA,NA,,,
2756053,-4905.3218,288.8528069,NA,NA,NA,NA,NA,NA,NA,,,
86127,412663.7022,-8271.37008,-20523.49349,-2564.120099,NA,NA,NA,NA,NA,,,
172254,-3208.64885,254.32925,NA,NA,NA,NA,NA,NA,NA,,,
172255,239955.9684,-5851.125609,NA,NA,NA,NA,NA,NA,NA,,,
5383,-61148.12146,379.2310946,12067.87738,1608.537313,-1480.232351,35241.51312,-471.130811,9679.359966,-312.0295111,,,
10766,-13483.47386,300.1673023,1889.892349,248.3667442,-10143.5757,36609.59268,NA,11167.2663,NA,,,
21532,49200.83115,-82.98859624,-17689.37407,-961.5992513,NA,NA,NA,NA,NA,,,
43064,-616.4207333,221.5178333,-2129.095517,NA,NA,NA,NA,NA,NA,,,
86128,-2745.51625,221.5178333,NA,NA,NA,NA,NA,NA,NA,,,
21533,277397.9919,-2147.565627,NA,-6146.368481,NA,NA,NA,NA,NA,,,
43066,-3716.414478,259.7620278,NA,NA,NA,NA,NA,NA,NA,,,
10767,-98045.13017,158.7877518,9943.880279,3369.521855,-2969.552348,41249.99062,NA,NA,NA,,,
21535,-259402.5179,-97.78249213,-83093.54929,13487.78499,-12650.56197,NA,NA,NA,NA,,,
43070,-399860.9478,589.7953516,NA,14358.1367,NA,NA,NA,NA,NA,,,
86140,-124323.1767,4153.689996,NA,NA,NA,NA,NA,NA,NA,,,
43071,95800.05215,-2567.80589,NA,NA,NA,NA,NA,NA,NA,,,
673,-18763.82985,232.4290081,-156.8083102,666.2374776,-186.0290183,24454.3069,3495.360566,-2941.272892,-3594.533094,,,
1346,-18801.49092,229.9424972,-63.29109699,669.2759565,-219.8068094,24469.97748,3541.537916,-2966.716693,-3695.418433,,,
2692,-8402.448792,216.8418324,-6854.27856,641.0404422,-871.4054036,36232.80699,-9071.206428,-9967.541183,-9372.840738,,,
5384,-48506.44305,-31.14244032,6391.845001,1868.664693,9289.791327,21739.00075,1516.398002,-16188.56285,NA,,,
10768,283476.096,-6269.3515,99329.6349,NA,NA,NA,NA,NA,NA,,,
21536,-7890.83304,352.62416,NA,NA,NA,NA,NA,NA,NA,,,
10769,2638.932061,1468.885815,-7894.024744,-820.1779993,-17300.59893,NA,NA,NA,NA,,,
21538,-21186.36115,991.22128,212.55711,NA,NA,NA,NA,NA,NA,,,
43077,-20778.2515,982.7189956,NA,NA,NA,NA,NA,NA,NA,,,
21539,-2803.776623,250.5222846,NA,NA,NA,NA,NA,NA,NA,,,
5385,-11543.12526,213.6600602,-1673.396841,320.7944898,337.1727367,33247.78511,NA,NA,NA,,,
10770,-291397.3705,-1386.951216,-55813.37124,11553.15432,-4324.256595,NA,NA,NA,NA,,,
21540,-165404.5156,-1044.071106,-20788.59306,6792.504862,NA,NA,NA,NA,NA,,,
43080,-3472.817139,255.8408472,NA,NA,NA,NA,NA,NA,NA,,,
43081,81154.5905,-1397.10495,NA,NA,NA,NA,NA,NA,NA,,,
2693,-20412.30482,224.2018994,263.3942241,704.7372704,-748.8156646,23626.22766,7456.452671,-2263.73041,-2778.223633,,,
5386,-8568.38037,420.3148175,-6713.550417,453.2500173,-1167.569354,25148.81925,8098.003742,-7411.20789,-12148.48202,,,
10772,-26569.93505,338.0484639,-1895.003706,845.3436282,-2036.366117,14617.52379,NA,-4730.482261,507.1403095,,,
21544,-2724.131291,525.6160599,6115.518978,-390.8859567,NA,NA,NA,NA,NA,,,
43088,-33843.53991,1306.953656,NA,NA,NA,NA,NA,NA,NA,,,
43089,-3239.504214,275.0961786,NA,NA,NA,NA,NA,NA,NA,,,
21545,21478.88096,158.0598216,-1128.063417,-779.9471327,NA,NA,NA,NA,NA,,,
43091,-5208.53617,286.9206522,-87.34265652,NA,NA,NA,NA,NA,NA,,,
86183,-5101.037515,283.5613192,NA,NA,NA,NA,NA,NA,NA,,,
10773,9082.400733,482.1811613,-12804.05772,115.9055727,-5465.796554,25173.66424,6534.312869,-9038.491666,-17836.9172,,,
21546,-48934.82858,40.82008874,NA,1878.983117,-7341.108401,29551.65609,26909.92458,NA,NA,,,
43092,193058.4316,-547.3632108,NA,-6739.087206,-20464.27499,117182.3496,NA,NA,NA,,,
86185,-78671.2777,655.8808832,NA,2467.065005,9077.346845,NA,NA,NA,NA,,,
172370,-35453.42192,2013.532619,NA,NA,NA,NA,NA,NA,NA,,,
172371,-23469.1939,1099.350861,NA,NA,NA,NA,NA,NA,NA,,,
21547,-184687.5789,-415.547161,39325.30509,4223.149762,NA,52574.2675,NA,NA,NA,,,
43094,352619.8182,-17434.8407,-5059.9989,NA,NA,NA,NA,NA,NA,,,
86189,443699.7984,-22494.8396,NA,NA,NA,NA,NA,NA,NA,,,
43095,-4261.561363,275.9936125,NA,NA,NA,NA,NA,NA,NA,,,
5387,-23126.41205,126.7807621,-2270.853873,784.1699309,1551.04415,21354.90762,2622.490503,3433.470063,4487.502292,,,
10774,-28585.25893,362.6619916,7708.922653,747.3876866,-2261.94529,22563.66969,5784.034399,1124.629116,1632.689423,,,
21548,-69659.2897,334.9527645,19867.84069,2048.053351,NA,NA,NA,NA,NA,,,
43096,-5174.867048,307.1577548,34527.51399,NA,NA,NA,NA,NA,NA,,,
86193,-94370.94486,3184.450588,NA,NA,NA,NA,NA,NA,NA,,,
21549,-926100.1434,6736.615707,316498.6888,26798.75585,-134893.5879,388829.8372,270245.6069,NA,NA,,,
43098,-35004.44047,133.5324409,7916.734443,1155.714042,-556.1025762,27006.51724,NA,NA,NA,,,
86197,19602.71793,302.0270529,-6848.978684,-758.2843444,1203.991514,NA,NA,NA,NA,,,
172395,17868.97015,398.3463741,-5644.98717,-758.2843444,NA,NA,NA,NA,NA,,,
344791,-2761.065382,275.807624,-492.44505,NA,NA,NA,NA,NA,NA,,,
689582,-2406.504946,256.109822,NA,NA,NA,NA,NA,NA,NA,,,
10775,53953.66344,-563.3073289,8686.855469,-1598.003405,-6233.536704,NA,NA,21808.85869,41222.07515,,,
21551,-79519.67026,1067.854414,3873.921438,2429.556453,-58571.67706,NA,NA,-10532.44697,NA,,,
43102,56644.84082,-1133.259062,39889.91898,-730.9192105,NA,NA,NA,NA,NA,,,
86204,35551.2818,-1337.147053,45403.35799,NA,NA,NA,NA,NA,NA,,,
43103,-80925.6597,3234.7106,NA,NA,NA,NA,NA,NA,NA,,,
337,-8636.709935,423.9027698,5127.708035,-104.6804335,3649.210285,23843.9898,-4386.419699,-3255.843305,-1278.56178,,,
674,-8776.865678,439.8354752,5394.67454,-122.5968059,3621.09953,23783.09774,-4026.959754,-3273.858509,-1472.04969,,,
1348,-11560.49406,474.0380102,9178.172112,-192.5779549,7031.067502,22563.36313,2436.434174,-3594.240646,-2061.513216,,,
2696,49049.42339,134.9317238,38547.74163,-2041.074263,17916.92819,23663.92724,NA,-18951.48669,NA,,,
5392,-309.3777043,172.8131391,-1076.1235,NA,NA,NA,NA,NA,NA,,,
10785,532.8059043,126.0251609,NA,NA,NA,NA,NA,NA,NA,,,
5393,-95425.07974,273.3172632,-33457.10566,3785.685291,NA,NA,NA,NA,NA,,,
10786,-39326.48111,1701.752453,NA,NA,NA,NA,NA,NA,NA,,,
10787,367431.7323,-15191.20715,NA,NA,NA,NA,NA,NA,NA,,,
2697,-37998.57242,558.2712551,18084.51397,501.1858787,11684.8523,38800.40647,NA,-15149.93468,-18995.25521,,,
5394,-15191.18255,938.66015,NA,NA,NA,NA,NA,NA,NA,,,
5395,-74882.48954,546.3662379,23586.46343,867.4940982,17130.93975,41515.66614,NA,NA,NA,,,
10790,-138339.866,3909.557433,-77051.71008,NA,NA,NA,NA,NA,NA,,,
21580,-2582.091095,240.428381,NA,NA,NA,NA,NA,NA,NA,,,
10791,-62669.1759,1444.37482,38390.78284,NA,NA,NA,NA,NA,NA,,,
21582,211550.7015,-4040.022729,NA,NA,NA,NA,NA,NA,NA,,,
1349,-6883.936779,328.9602444,-432.0492225,1.013413292,521.4309299,15269.70628,NA,-714.9985728,16777.24817,,,
2698,-6883.936779,328.9602444,16345.19895,1.013413292,521.4309299,32046.95444,NA,-17492.24674,NA,,,
5396,21303.55948,-135.6289292,-4992.007153,-42.9817736,-7372.405478,NA,NA,NA,NA,,,
10793,-5021.99898,298.2715966,-1401.028323,-1.892708653,NA,NA,NA,NA,NA,,,
21586,-5076.015215,298.2821735,-1415.402888,NA,NA,NA,NA,NA,NA,,,
43172,2177.924588,121.3568125,NA,NA,NA,NA,NA,NA,NA,,,
5397,-97738.5182,2266.087081,NA,NA,NA,NA,NA,NA,NA,,,
169,-4450.979154,284.9261359,NA,NA,NA,NA,NA,NA,NA,,,
85,-12494.37134,230.0819123,-411.4750619,379.8056389,1084.171957,23850.99519,-2326.405108,-1962.389959,243.4272169,,,
170,-10800.77913,210.7298112,-198.3996227,327.5759853,1197.570615,24348.00954,-2396.894593,-1405.195687,193.0138693,,,
340,-10351.94938,197.5275892,103.2191399,330.2177534,1080.700328,24234.06743,-2317.239572,-1880.217616,251.0495065,,,
680,-8031.053636,138.4223679,-1247.250339,375.7292994,2006.62966,23440.76728,-3779.455662,-2220.766802,-1866.875499,,,
1360,-16452.18799,630.9040805,569.0327652,-398.0633407,5056.696406,13285.5597,-1054.09946,18235.10848,2705.85073,,,
2721,-16350.17521,973.8592469,1875.320597,-791.2603468,3617.158478,114.3337669,3439.268549,23643.97018,NA,,,
5442,-5085.32156,146.9583965,-2444.193615,270.3630528,NA,NA,NA,NA,NA,,,
10884,1937.223555,85.721165,830.44368,NA,NA,NA,NA,NA,NA,,,
21768,-1488.356625,189.526625,NA,NA,NA,NA,NA,NA,NA,,,
5443,11486.15931,301.8513183,10995.08766,-497.3063024,NA,NA,NA,NA,NA,,,
10886,-3279.987761,257.8958581,14947.14876,NA,NA,NA,NA,NA,NA,,,
21772,-155740.9051,3247.32561,NA,NA,NA,NA,NA,NA,NA,,,
1361,-7557.145322,133.9893481,-1255.848856,362.6403113,2189.645634,23650.45171,-3447.510354,-2223.325382,-2055.494495,,,
2722,-7563.463277,123.9083502,-1115.245119,369.9720584,2193.641399,23518.29987,-3306.907725,-1906.573356,-1972.236806,,,
5444,-7318.19357,101.7784242,-1623.270522,407.0356328,2409.797011,23641.42701,-4073.928702,-3384.425755,-2689.355633,,,
10888,-3406.377971,107.0268125,-1071.69745,286.566872,2421.67227,24154.39348,-4352.017857,-4658.196884,-3313.758855,,,
21776,6860.690427,180.8777828,-431.7523049,-75.15274654,860.058533,21763.02025,-5096.826438,-6957.88257,-2885.662578,,,
43552,-1510.958538,443.0403455,3422.023774,-359.7720019,219.6771278,16473.93666,314.5671571,-1840.085923,13321.35566,,,
87104,-16527.20481,196.9845599,-3498.007888,359.1070661,3103.782559,19948.6515,NA,NA,NA,,,
174208,-16527.20481,196.9845599,-3498.007888,359.1070661,3103.782559,NA,NA,NA,NA,,,
348416,-739.3994823,226.0733701,630.5207442,-44.36189014,NA,NA,NA,NA,NA,,,
696833,-1162.73135,196.6239,832.86215,NA,NA,NA,NA,NA,NA,,,
1393666,-329.8692,196.6239,NA,NA,NA,NA,NA,NA,NA,,,
87105,-52425.63619,-1.563707523,1297.595327,1934.162777,1331.028018,22391.28805,NA,NA,NA,,,
174210,-97676.77783,-823.4737662,-36925.0631,5774.863985,NA,NA,NA,NA,NA,,,
348421,286836.7658,-6321.14428,-100656.462,NA,NA,NA,NA,NA,NA,,,
696842,51971.68767,-729.1186111,NA,NA,NA,NA,NA,NA,NA,,,
174211,-7033.564521,338.3450105,NA,NA,NA,NA,NA,NA,NA,,,
43553,5943.261223,368.8710443,-2700.082894,-112.1640919,792.4827892,29145.77907,-9937.501035,-9963.441243,-10167.78125,,,
87106,-1505.034595,419.3676123,-2610.643437,89.27125347,1352.647605,30827.82867,-11804.75964,-11475.76601,-11485.38398,,,
174212,-13066.07646,275.1970129,16765.90616,289.7869747,3911.176334,NA,NA,NA,NA,,,
348424,-2234.173712,246.961359,NA,NA,NA,NA,NA,NA,NA,,,
348425,-17025.83524,668.2149653,21682.4312,NA,NA,NA,NA,NA,NA,,,
696850,4656.595959,668.2149653,NA,NA,NA,NA,NA,NA,NA,,,
174213,-126891.7309,104.8059867,-21659.45423,4859.706784,12582.31214,7878.149329,NA,-28280.25449,-16389.18532,,,
348426,-277.2810524,291.5761465,-196.5005967,-151.7510488,NA,NA,NA,NA,NA,,,
696852,-1948.0601,255.91465,-2164.7117,NA,NA,NA,NA,NA,NA,,,
1393704,-38748.159,1338.2705,NA,NA,NA,NA,NA,NA,NA,,,
348427,11413871.99,3671.630286,136416.4123,-380495.3176,NA,NA,NA,NA,NA,,,
696854,26521.24618,-287.5777486,-16604.40736,NA,NA,NA,NA,NA,NA,,,
1393708,69218.29367,-2659.635943,NA,NA,NA,NA,NA,NA,NA,,,
87107,-2138.87965,224.0115,NA,NA,NA,NA,NA,NA,NA,,,
21777,-12716.58666,149.9456884,-2497.862111,606.8469476,2324.611782,23033.96379,-3949.693399,-575.1159963,-3802.974337,,,
43554,-11461.24468,167.7183154,-713.2403735,486.0495549,2764.598438,23383.41076,-3886.607049,3297.461649,-3986.764636,,,
87108,-37670.30396,-62.29408295,6613.914595,1089.738814,1326.662516,34784.20567,NA,NA,NA,,,
174216,-2886.098293,-62.29408295,-28170.29107,1089.738814,1326.662516,NA,NA,NA,NA,,,
348432,99926.9625,-3543.193278,NA,NA,NA,NA,NA,NA,NA,,,
348433,49972.52227,-714.4708565,-33442.32229,NA,NA,NA,NA,NA,NA,,,
696866,367674.584,-17435.632,NA,NA,NA,NA,NA,NA,NA,,,
87109,-36403.54835,546.4626639,-10273.04607,1467.236638,6414.160137,21881.99237,-24622.49895,NA,-19151.41666,,,
174218,-5914.603458,314.8584115,34864.9927,NA,NA,NA,NA,NA,NA,,,
348437,45041.92433,-579.1157603,NA,NA,NA,NA,NA,NA,NA,,,
174219,44196.0108,-54.53584297,44185.10541,-2251.959636,-12374.16237,NA,37848.02246,NA,NA,,,
348439,-3809.401399,266.2050765,-1193.79504,5.106093596,516.0588061,NA,NA,NA,NA,,,
696879,-4417.7916,285.8200794,-1128.698783,8.528309865,NA,NA,NA,NA,NA,,,
1393758,-4342.022684,288.380278,-1085.154938,NA,NA,NA,NA,NA,NA,,,
2787516,-18720.32561,559.6690125,NA,NA,NA,NA,NA,NA,NA,,,
43555,-32012.71003,659.7292966,-12495.64488,989.6952882,NA,NA,NA,NA,NA,,,
87111,-3216.425961,261.1020278,-634.14685,NA,NA,NA,NA,NA,NA,,,
174223,-3850.572811,261.1020278,NA,NA,NA,NA,NA,NA,NA,,,
10889,-25388.77412,72.245807,2970.389908,883.7298103,3125.197612,16229.02385,-8389.125873,NA,NA,,,
21778,-1902.070511,253.4547111,-1318.213722,NA,NA,NA,NA,NA,NA,,,
43557,10620.95985,-405.65215,NA,NA,NA,NA,NA,NA,NA,,,
21779,7257.496212,-653.9395675,4229.929663,1031.473406,NA,NA,NA,NA,NA,,,
43558,22190.3161,-210.8544696,63.22556957,NA,NA,NA,NA,NA,NA,,,
87116,22253.54167,-210.8544696,NA,NA,NA,NA,NA,NA,NA,,,
5445,-5442.975237,262.4259952,487.4564247,34.06879865,1456.877492,NA,-754.6236911,6164.623932,-1013.734096,,,
10891,-5318.95262,255.6355561,707.2573569,32.64653389,1489.720746,NA,-753.7900248,6357.06915,-967.2223744,,,
21782,-116775.2532,1658.452133,-13067.22432,1709.767144,NA,NA,NA,NA,NA,,,
43564,-12464.06949,456.48583,NA,NA,NA,NA,NA,NA,NA,,,
43565,-285133.3956,5786.22462,NA,NA,NA,NA,NA,NA,NA,,,
21783,-2859.937908,247.6569718,114.7391471,1.62389611,371.7420767,NA,-104.5057761,-716.4776589,-829.6686614,,,
43566,-1819.338389,275.1960877,-841.188548,-41.67952298,161.0729253,NA,133.469858,-1598.54645,-841.7313909,,,
87132,11040.85424,-61.03819,-8247.37042,NA,NA,NA,NA,NA,NA,,,
174264,11040.85424,-61.03819,NA,NA,NA,NA,NA,NA,NA,,,
87133,-6451.562322,429.8572735,-5035.644057,-46.88846984,80.15292921,NA,2062.469492,NA,NA,,,
174266,2956.292852,345.1941455,NA,-320.4856518,NA,NA,NA,NA,NA,,,
348533,14092.52828,-95.15314,NA,NA,NA,NA,NA,NA,NA,,,
174267,-4135.71885,360.25425,-4881.91465,NA,NA,NA,NA,NA,NA,,,
348535,-1485.536611,220.7709743,NA,NA,NA,NA,NA,NA,NA,,,
43567,-4255.968316,270.1381921,NA,NA,NA,NA,NA,NA,NA,,,
2723,-4040.167643,287.6210357,NA,NA,NA,NA,NA,NA,NA,,,
681,-14096.26449,229.9245518,953.0601573,352.2312714,837.039604,24305.24031,-802.3797597,-924.2314237,2169.217086,,,
1362,-12643.56857,229.6842173,1087.700668,310.0734844,897.4628815,24624.61178,-1338.154301,-959.509378,1586.876341,,,
2724,-12028.12975,307.9904241,-325.1029676,233.1755979,576.727609,21599.40148,-781.599112,-783.6106994,-271.1693763,,,
5448,-11622.66944,306.6362022,208.7554191,226.036189,791.0835833,18678.85705,-1255.482267,-1855.629522,-587.6560841,,,
10896,-3373.045837,252.3928213,-508.5064909,17.02244375,479.5723443,14945.35712,-411.5830983,-816.1620569,-775.0226899,,,
21792,-4859.946431,263.8544686,-527.962525,34.41623756,524.5444386,15309.44249,NA,-265.7357246,-404.7465667,,,
43585,-4803.020877,266.3251167,-293.6216667,34.59669456,520.232113,15748.05348,NA,-635.0747361,-702.9061966,,,
87170,-4943.774306,299.8157647,710.5532412,NA,NA,NA,NA,NA,NA,,,
174340,-3249.378115,245.1578231,NA,NA,NA,NA,NA,NA,NA,,,
87171,-6711.411476,308.0785182,-186.4183792,6.960747431,976.8197779,16471.46247,NA,NA,NA,,,
174342,1915.4745,69.007125,NA,NA,NA,NA,NA,NA,NA,,,
174343,53257.14295,-227.9054537,10653.51293,-1177.860144,NA,NA,NA,NA,NA,,,
348686,55347.66646,-1913.119943,NA,NA,NA,NA,NA,NA,NA,,,
348687,-5622.6932,289.5878375,NA,NA,NA,NA,NA,NA,NA,,,
21793,-2701.457322,253.1338522,-551.8676576,-1.333747719,467.8626077,NA,-538.95563,-1012.133902,-880.6885628,,,
43586,-1857.228161,279.8519835,-1066.969175,-38.6471314,183.8185527,NA,-302.3661545,-1724.390102,-1230.414221,,,
87172,17453.13569,-147.2865274,6383.36907,-342.2504283,2126.445954,NA,NA,NA,NA,,,
174344,-3854.724118,315.3477036,-1614.327271,NA,NA,NA,NA,NA,NA,,,
348689,-3854.724118,315.3477036,NA,NA,NA,NA,NA,NA,NA,,,
174345,-2509.617,202.1273333,NA,NA,NA,NA,NA,NA,NA,,,
87173,21.99011776,273.0971922,-2049.067852,-109.3008923,-46.19304335,NA,325.5052512,-878.1440574,NA,,,
174346,-2620.925916,267.6332842,NA,NA,NA,NA,NA,NA,NA,,,
174347,-132.148945,289.6774593,-1453.075439,-145.1889162,143.1162828,NA,NA,NA,NA,,,
348694,-3061.19014,222.60018,-311.60018,NA,NA,NA,NA,NA,NA,,,
697389,-3906.962057,244.8573357,NA,NA,NA,NA,NA,NA,NA,,,
348695,-3120.543,272.4206,NA,NA,NA,NA,NA,NA,NA,,,
43587,-4145.747103,238.7835745,-1086.122403,76.63232581,603.2659635,NA,-966.7680144,-741.047098,-1063.281866,,,
87174,-9184.161306,273.3237217,-1734.987826,196.5092409,622.0174835,NA,-380.1918683,521.2204919,NA,,,
174348,-47540.8116,1273.992833,NA,NA,NA,NA,NA,NA,NA,,,
174349,2695.140139,265.9130053,1592.704299,-235.8252862,322.5831922,NA,NA,NA,NA,,,
348698,7108.437371,325.12055,3213.153027,-446.742748,NA,NA,NA,NA,NA,,,
697396,-2458.443214,199.7134786,NA,NA,NA,NA,NA,NA,NA,,,
697397,-6660.436912,400.6726324,NA,NA,NA,NA,NA,NA,NA,,,
87175,36.79745966,255.5000759,-576.6061432,-119.2361714,-8.659821316,NA,NA,27.58200299,NA,,,
174351,24.48469041,252.9635724,-620.569668,-114.6713781,19.28584355,NA,NA,NA,NA,,,
348702,152.1341287,252.9910033,-600.3648911,-118.9819394,NA,NA,NA,NA,NA,,,
697405,-448.2307624,252.9910033,NA,-118.9819394,NA,NA,NA,NA,NA,,,
1394810,-9675.280167,429.6791833,NA,NA,NA,NA,NA,NA,NA,,,
10897,-21135.17846,310.4941297,2279.722532,575.7287818,264.1293465,22674.01786,-6232.05658,-6660.302383,1144.259634,,,
21794,-35540.49748,698.7716349,-7463.332765,696.3536123,2390.581814,20963.5393,-8565.371607,-4761.313388,-4605.188648,,,
43588,57629.0141,-359.2882625,NA,-954.6745568,3088.230226,NA,NA,NA,NA,,,
87177,94424.498,-913.0816298,NA,-1082.093221,NA,NA,NA,NA,NA,,,
174354,28067.83649,-244.8890662,NA,NA,NA,NA,NA,NA,NA,,,
43589,16301.65443,-336.1821209,32806.28186,-199.8981487,13611.27006,-8373.845518,NA,-11486.71229,NA,,,
87178,-3018.17391,248.9866104,37715.91433,NA,NA,NA,NA,NA,NA,,,
174357,-47918.07192,2044.982531,NA,NA,NA,NA,NA,NA,NA,,,
87179,4367.811711,69.37664095,16499.51463,-84.58683831,NA,NA,NA,NA,NA,,,
174359,-378.7787214,144.2359929,15578.36396,NA,NA,NA,NA,NA,NA,,,
348718,-378.7787214,144.2359929,NA,NA,NA,NA,NA,NA,NA,,,
21795,81776.56458,-771.8830508,-40835.75043,-1609.016116,9235.078395,50639.97268,NA,NA,NA,,,
43590,-26630.64754,662.6666785,3615.549671,101.9147542,NA,NA,NA,NA,NA,,,
87180,-9035.691167,415.9274167,NA,NA,NA,NA,NA,NA,NA,,,
87181,-38876.7244,943.9514,NA,NA,NA,NA,NA,NA,NA,,,
43591,-15461.5934,832.7889286,NA,NA,NA,NA,NA,NA,NA,,,
5449,-5200.600612,226.474064,-1164.036115,180.5000303,-309.1713727,26948.52741,-3943.452721,-245.3230978,-2049.730222,,,
10898,-14468.53803,273.069912,-1725.056236,351.2843972,420.1339748,32286.90867,NA,NA,NA,,,
21796,-147180.6263,277.470472,-10064.11742,5631.95639,-12279.88217,NA,NA,NA,NA,,,
43592,-1283.0466,202.5009,2132.6653,NA,NA,NA,NA,NA,NA,,,
87184,-1283.0466,202.5009,NA,NA,NA,NA,NA,NA,NA,,,
43593,84211.2158,-1263.94555,NA,NA,NA,NA,NA,NA,NA,,,
10899,-4596.25773,221.5126143,-2554.578368,220.8478346,-914.8850104,24765.20028,-4263.866683,-1758.215679,-2461.740378,,,
21799,-662.0215679,147.259337,-4067.760533,263.8134111,-1287.375584,26013.14742,-6821.0721,-3946.733074,-1542.363682,,,
43598,257147.9901,-47.90268919,-56532.45187,-8332.822034,NA,NA,NA,NA,NA,,,
87197,-13076.50047,800.2595536,-3776.760368,NA,NA,NA,NA,NA,NA,,,
174394,1275.18893,44.90748,NA,NA,NA,NA,NA,NA,NA,,,
43599,-5036.945342,325.7586869,304.5693129,-91.87785295,1399.255034,33335.16067,1025.401581,1442.960317,-674.2622742,,,
87198,23029.44413,657.0941026,20333.22612,-1540.121978,NA,NA,NA,NA,NA,,,
174396,-7809.631662,373.1049439,-1675.816995,NA,NA,NA,NA,NA,NA,,,
348793,-7809.631662,373.1049439,NA,NA,NA,NA,NA,NA,NA,,,
87199,-13544.4215,576.590982,-6813.447809,-10.46463674,1705.098005,16270.99899,NA,10353.07671,NA,,,
174398,1649.831102,228.7398366,NA,-119.680067,NA,NA,NA,NA,NA,,,
348796,-2665.561868,243.9507871,NA,NA,NA,NA,NA,NA,NA,,,
174399,-14347.97342,1250.79731,-33428.38173,-284.7180585,NA,NA,NA,NA,NA,,,
348798,-19311.66725,550.8654167,NA,NA,NA,NA,NA,NA,NA,,,
348799,-24252.60288,1248.661925,NA,NA,NA,NA,NA,NA,NA,,,
2725,-17743.59135,43.51138889,1378.979446,529.4857097,2480.452027,27480.97981,4576.624805,3742.683136,7184.235083,,,
5450,35935.03029,366.2891527,-14338.4976,-1242.361622,6679.303387,16725.16717,NA,22099.91638,-3007.078392,,,
10901,28848.58366,573.9093882,-12539.85229,-1217.253417,6470.365156,15405.95894,NA,9532.280491,-7466.018869,,,
21802,16133.56192,444.625183,-5914.216142,-715.1256962,4398.525237,13979.67331,NA,2974.851212,-6347.76161,,,
43604,-110756.2875,-307.5357256,43586.62878,3902.148483,-9887.577821,2949.459813,NA,-61872.29787,3177.606019,,,
87208,-4584.806279,285.5586759,NA,NA,NA,NA,NA,NA,NA,,,
87209,-70346.84663,-72.37717091,27902.33864,2427.398174,-5080.853607,6600.58892,NA,NA,NA,,,
174419,-171926.6851,-363.9934556,62885.33541,5938.747119,-16203.61171,NA,NA,NA,NA,,,
348838,-65825.91944,-254.8484286,34457.48067,2398.908405,NA,NA,NA,NA,NA,,,
697677,30479.59121,-1400.993556,60336.37146,NA,NA,NA,NA,NA,NA,,,
1395355,90815.96267,-1400.993556,NA,NA,NA,NA,NA,NA,NA,,,
43605,-681.0361,198.376425,3353.390325,NA,NA,NA,NA,NA,NA,,,
87210,-7387.81675,358.0616786,NA,NA,NA,NA,NA,NA,NA,,,
5451,-39679.43157,138.6294877,2720.670373,815.384004,5684.23665,28325.62911,11405.0094,4111.436851,15546.57666,,,
10902,-36582.83951,149.0086004,3447.613003,662.6640354,5550.205267,28881.80006,10873.50089,5342.392023,16420.42091,,,
21804,-45007.73719,134.8351513,1267.900501,1007.419353,5778.386694,28792.71178,12946.47953,3868.052098,14770.71091,,,
43608,64183.65299,-120.2013503,3789.311832,-1759.654183,1895.658146,48742.98625,NA,NA,NA,,,
87217,-159922.5226,1292.27926,-11555.48056,3972.399173,-4145.241667,NA,NA,NA,NA,,,
174434,1988507.73,-33466.2135,100335.1732,NA,NA,NA,NA,NA,NA,,,
348869,15249.32403,-21.15576667,NA,NA,NA,NA,NA,NA,NA,,,
174435,-5754.5762,322.5629,NA,NA,NA,NA,NA,NA,NA,,,
43609,-48255.06704,289.237921,-8108.284317,2404.092503,-3586.456493,NA,NA,NA,NA,,,
87218,29640.54925,285.7418867,-341.29476,NA,NA,NA,NA,NA,NA,,,
174437,28831.55427,298.3824333,NA,NA,NA,NA,NA,NA,NA,,,
87219,11245.46095,244.6325,NA,NA,NA,NA,NA,NA,NA,,,
1363,-45448.36065,183.6285117,7332.171183,1081.94926,-1345.469871,25949.91929,11523.76027,9668.764315,15897.43494,,,
2726,12273.36262,420.1940435,-16566.88586,-1681.235351,3646.922648,51223.40329,32320.62271,35066.80531,22238.03209,,,
5452,3287.903595,200.1333039,9837.684501,96.1783148,-7432.031487,NA,NA,NA,NA,,,
10904,-103630.3504,5058.48235,-181894.2223,NA,NA,NA,NA,NA,NA,,,
21809,-285524.5727,5058.48235,NA,NA,NA,NA,NA,NA,NA,,,
10905,-858.8021087,188.3200978,NA,NA,NA,NA,NA,NA,NA,,,
5453,-2722.497486,486.041992,-25224.78502,555.0743234,NA,NA,NA,NA,NA,,,
10907,-27947.28251,486.041992,NA,555.0743234,NA,NA,NA,NA,NA,,,
21815,-15607.9803,525.5910375,NA,NA,NA,NA,NA,NA,NA,,,
341,23719.45965,605.8047974,30.54999236,-1179.405437,1187.333808,22195.07188,NA,10466.97786,-11563.91266,,,
682,-3744.499523,203.2404901,-2003.837786,86.65737699,735.2619495,33855.85954,NA,NA,NA,,,
1364,-7997.706538,372.2782692,NA,NA,NA,NA,NA,NA,NA,,,
1365,-42856.84214,1742.705478,-10374.60246,616.8997345,NA,NA,NA,NA,NA,,,
2731,-30597.70333,1701.400017,1113.948117,NA,NA,NA,NA,NA,NA,,,
5463,-9432.6891,587.4519,NA,NA,NA,NA,NA,NA,NA,,,
683,-13000.58687,812.8011316,NA,NA,NA,NA,NA,NA,NA,,,
171,-35223.57164,229.5367658,-8785.750215,1394.181559,1439.16342,17642.36816,-1941.017565,-13434.51471,832.0939122,,,
342,-29612.76228,141.8439947,-16909.51295,1504.228092,2878.023813,16730.81838,-7856.776148,-22457.52675,-5182.034592,,,
684,-34643.63455,304.2735822,-8682.361565,1296.349752,2299.910634,11265.73112,-7287.025747,-6139.722984,3889.3086,,,
1369,-29989.62821,213.2344192,-13531.25105,1343.196662,3788.080829,11579.76158,-9052.763887,-15211.54915,NA,,,
2738,116966.6109,638.2723962,126422.5516,-6182.626674,-25411.67548,134665.0192,NA,NA,NA,,,
5476,-65749.25037,752.725368,-35950.12482,2581.511911,NA,NA,NA,NA,NA,,,
10952,5136.485208,-179.200432,10979.18022,NA,NA,NA,NA,NA,NA,,,
21904,16115.66543,-179.200432,NA,NA,NA,NA,NA,NA,NA,,,
5477,115288.0299,-1600.574521,NA,NA,NA,NA,NA,NA,NA,,,
2739,-94178.04923,2221.841648,NA,NA,NA,NA,NA,NA,NA,,,
685,65251.91571,-285.2029989,1974.210974,-1641.585903,NA,NA,NA,NA,NA,,,
1370,36950.97474,-460.3054952,-11486.79343,NA,NA,NA,NA,NA,NA,,,
2740,25464.18131,-460.3054952,NA,NA,NA,NA,NA,NA,NA,,,
343,-52430.23879,1700.458138,22559.30629,NA,NA,NA,NA,NA,NA,,,
687,100973.044,-2811.40312,NA,NA,NA,NA,NA,NA,NA,,,
43,-12078.38816,215.2656943,-1574.739529,439.7769066,841.2729622,23660.17543,-508.3337086,-2525.931697,-1897.492848,,,
86,-14499.48511,213.8321173,-2699.456595,518.1304229,742.3401008,22073.63894,-155.1424881,-1248.636598,-1982.5295,,,
172,-14640.04966,215.1869345,-2730.796717,522.1747669,743.1550601,22027.25487,-102.1896671,-1201.023766,-1993.205536,,,
344,-17375.07082,233.7161732,-2353.202408,543.256337,776.645802,22632.64065,940.6336297,-145.9469393,-857.0178021,,,
688,-16104.38437,230.8766628,-3387.369653,548.3542833,899.4586504,22797.89767,-809.9548136,-368.1877752,-2944.679539,,,
1376,-12320.28355,214.3081257,-3718.370927,480.4512117,832.2253258,22039.9722,-1458.037688,-1704.697367,-4319.412829,,,
2752,-2180.175504,108.0489056,-5555.465779,458.8465997,94.79363677,16588.13909,-3730.534602,-5352.071845,-7719.235721,,,
5504,-17167.23866,1198.04052,1171.203676,245.681266,-4604.180561,4626.408341,-27280.14389,-7398.630958,-10842.17898,,,
11008,22599.29496,170.865332,-1428.678015,-131.837229,678.9019599,13303.73391,-18556.83216,-19333.59916,-19360.90279,,,
22016,1022976.628,2678.571754,-217934.8873,-29608.21503,18056.67901,-164166.2035,NA,NA,NA,,,
44032,-17819.73126,155.3310938,NA,570.0785794,NA,NA,NA,NA,NA,,,
88065,2158.67255,89.29699167,NA,NA,NA,NA,NA,NA,NA,,,
44033,-90449.55951,3296.131593,-2646.419667,NA,NA,NA,NA,NA,NA,,,
88066,-90449.55951,3296.131593,NA,NA,NA,NA,NA,NA,NA,,,
22017,14909.42722,-45.07548,-8213.48786,NA,NA,NA,NA,NA,NA,,,
44034,-11180.47539,438.0708647,NA,NA,NA,NA,NA,NA,NA,,,
5505,8291.210098,139.8998636,-1178.486373,-175.5353809,125.6012115,NA,NA,3448.545301,-3288.036765,,,
11010,-6913.158478,272.2982823,-1232.277298,124.1410678,386.8409887,NA,NA,-2355.384634,NA,,,
22020,-2552.278329,255.8003387,26.18858493,-31.45673584,203.1211703,NA,NA,NA,NA,,,
44040,-2803.213209,229.1027719,732.82135,NA,NA,NA,NA,NA,NA,,,
88081,-3765.041231,274.9041063,NA,NA,NA,NA,NA,NA,NA,,,
44041,-3517.541152,251.525429,NA,NA,NA,NA,NA,NA,NA,,,
11011,162659.5134,-3216.22689,NA,NA,NA,NA,NA,NA,NA,,,
2753,-14152.82715,245.9613135,-2807.60138,433.1297752,1129.410016,23179.48042,-607.8929247,40.97118422,-3695.632481,,,
5506,-11429.91153,168.7082464,-2678.873512,477.0499547,1111.171221,23535.66696,-2757.945302,-504.7251508,-3941.866738,,,
11012,-11759.59681,76.11482058,-1085.22814,650.5610426,1951.584171,18418.86913,-6478.479236,-3496.318158,-3454.593716,,,
22024,-80541.61575,1219.574369,9351.728024,997.1556845,-7548.077579,NA,NA,NA,NA,,,
44048,-9861.889481,382.3771885,360.6925077,NA,NA,NA,NA,NA,NA,,,
88096,-13108.12205,454.51569,NA,NA,NA,NA,NA,NA,NA,,,
44049,-76787.55714,1824.666568,NA,NA,NA,NA,NA,NA,NA,,,
22025,-13298.2646,122.7176372,-4459.586366,717.1433634,1557.511761,21012.24821,-7033.010192,-2965.181638,-6587.842409,,,
44050,-704.7902298,284.4855713,127.2002866,-84.27741605,249.6377059,36871.33565,-852.9889652,-1889.818724,NA,,,
88100,-2580.709291,265.4943967,NA,NA,NA,NA,NA,NA,NA,,,
88101,-2623.894162,225.6773244,492.2251094,-22.33330058,1155.512819,35229.7376,NA,NA,NA,,,
176202,-149809.4586,-1242.847517,39195.16016,4435.246319,40091.23258,NA,NA,NA,NA,,,
352404,-396367.1555,4429.10529,89732.13663,6895.963372,NA,NA,NA,NA,NA,,,
704808,406943.6178,-11466.09028,-164246.1944,NA,NA,NA,NA,NA,NA,,,
1409616,242697.4234,-11466.09028,NA,NA,NA,NA,NA,NA,NA,,,
44051,-53668.35267,339.8868823,-9559.810384,1841.859518,3727.560235,7092.193894,NA,NA,NA,,,
88103,-53668.35267,339.8868823,-9559.810384,1841.859518,3727.560235,NA,NA,NA,NA,,,
176206,115244.0857,-633.8684535,-15005.39755,-2499.724782,NA,NA,NA,NA,NA,,,
352412,32775.38764,-311.6817039,-18785.53691,NA,NA,NA,NA,NA,NA,,,
704824,-7386.794724,336.095431,NA,NA,NA,NA,NA,NA,NA,,,
11013,-9225.705047,382.6396341,-4347.494916,-81.74106165,691.4755559,20893.43711,5406.615075,11229.54392,5355.071776,,,
22026,-24607.67391,-318.3477123,9232.205316,1146.923327,831.176312,67485.11656,NA,-15985.28638,-1613.811275,,,
44052,1893.22118,233.5461715,-7.141255828,-148.6339727,521.6260363,33926.13645,NA,NA,NA,,,
88105,-87193.48471,851.6586089,-32381.29975,2499.319682,843.8450479,NA,NA,NA,NA,,,
176210,-13997.61791,983.4428902,-12025.90658,NA,NA,NA,NA,NA,NA,,,
352421,5043.400842,-18.71599167,NA,NA,NA,NA,NA,NA,NA,,,
176211,-2960.777429,260.9126339,NA,NA,NA,NA,NA,NA,NA,,,
44053,-4257.376,265.3355,NA,NA,NA,NA,NA,NA,NA,,,
22027,-3171.384661,280.2402522,-761.1982957,-30.21347826,408.9966435,15877.53626,-132.4280696,15941.56388,NA,,,
44054,528152.4804,-7011.861908,-155151.5973,-4330.480801,-14900.22603,NA,NA,NA,NA,,,
88108,528152.4804,-7011.861908,NA,-4330.480801,-14900.22603,NA,NA,NA,NA,,,
176216,6314.51805,95.421375,NA,NA,NA,NA,NA,NA,NA,,,
176217,260028.9575,-5095.062142,NA,NA,NA,NA,NA,NA,NA,,,
44055,11732.40896,282.3929625,-16041.43046,NA,NA,NA,NA,NA,NA,,,
88110,-41457.59731,1126.678776,NA,NA,NA,NA,NA,NA,NA,,,
5507,9898.124785,60.44198395,-4106.494711,56.89284141,-1079.325167,9709.070552,18753.77004,-6959.851768,-5444.596722,,,
11014,-373504.9393,-1464.657027,-260248.115,17799.60448,-91846.39276,NA,NA,NA,NA,,,
22028,-6372.752466,306.0967293,491.5394448,NA,NA,NA,NA,NA,NA,,,
44057,-9883.7485,376.31665,NA,NA,NA,NA,NA,NA,NA,,,
22029,75761.70333,-1820.793667,NA,NA,NA,NA,NA,NA,NA,,,
11015,-469693.726,2148.506941,62651.03079,12541.9695,NA,NA,NA,NA,NA,,,
22030,-33527.2748,1352.7406,-29097.80095,NA,NA,NA,NA,NA,NA,,,
44061,-33527.2748,1352.7406,NA,NA,NA,NA,NA,NA,NA,,,
1377,-22584.58178,219.9896711,-1185.224178,672.7545817,1612.373236,24462.23807,-1000.907155,3516.508895,560.0498898,,,
2754,44118.73049,-75.41685545,-5648.734265,-1440.144139,2299.911157,87991.96118,13602.92537,4009.480172,11708.96964,,,
5508,-119386.209,-1023.068989,25406.79263,5028.524835,NA,NA,NA,NA,NA,,,
11017,-145464.1388,3874.714201,-37671.02291,NA,NA,NA,NA,NA,NA,,,
22034,-11903.23943,450.0757545,NA,NA,NA,NA,NA,NA,NA,,,
5509,23506.99108,-397.9971712,24316.25762,-469.5647047,6772.817324,NA,NA,NA,NA,,,
11018,9177270.173,-27328.9631,-788542.0488,-276992.8756,NA,NA,NA,NA,NA,,,
22036,-32742.9393,1909.173767,NA,NA,NA,NA,NA,NA,NA,,,
22037,1597.8304,182.09624,NA,NA,NA,NA,NA,NA,NA,,,
2755,-14206.64475,70.35414438,-4202.08722,453.5665785,4895.988286,21361.35055,-2934.265326,9746.349268,1604.415627,,,
5510,-24814.33464,247.7702095,-6728.777681,709.2665351,5204.729334,14888.55532,595.6674403,-177.2731475,-372.0428979,,,
11020,-160881.1796,176.8389822,-49302.06063,5254.364145,42270.66374,NA,NA,NA,NA,,,
22040,10183.62841,269.4817184,-13705.82209,NA,NA,NA,NA,NA,NA,,,
44081,-24484.03922,1075.706547,NA,NA,NA,NA,NA,NA,NA,,,
22041,-3066.66339,264.0277905,NA,NA,NA,NA,NA,NA,NA,,,
11021,-21305.79471,213.4513242,-8727.616566,635.6489057,5166.144344,16641.18536,NA,-978.2178311,NA,,,
22042,-36620.0809,296.6163877,-6667.744651,987.8829725,4109.123005,20202.81549,NA,NA,NA,,,
44084,237139.0393,-5633.017525,NA,NA,NA,NA,NA,NA,NA,,,
44085,70341.70181,-123.8383159,-3841.790343,-1739.621455,NA,NA,NA,NA,NA,,,
88170,-17113.80764,849.1635932,NA,NA,NA,NA,NA,NA,NA,,,
88171,22425.14674,-246.1389758,NA,NA,NA,NA,NA,NA,NA,,,
5511,15334359.71,155344.4304,14072433.32,-1068621.119,NA,NA,NA,NA,NA,,,
11022,-2663.887197,249.9598189,30462.99114,NA,NA,NA,NA,NA,NA,,,
22045,-2663.887197,249.9598189,NA,NA,NA,NA,NA,NA,NA,,,
689,-12661.09249,198.7575689,610.7614115,401.6246233,-742.6930251,19615.09353,6184.416745,-2655.829324,4139.146877,,,
1378,-7853.374184,381.6809925,-383.3790743,204.4227992,-3043.132187,17294.38376,5436.969536,-5271.753701,-1526.77811,,,
2756,-28378.5129,439.7130151,4957.397346,696.5740611,-2659.737436,24713.69483,8371.829129,-10067.33298,-7111.429587,,,
5512,48064.07781,2927.554757,15211.59697,-3869.832768,-33158.27236,NA,NA,NA,NA,,,
11024,-6357.39405,342.2489333,1110.963317,NA,NA,NA,NA,NA,NA,,,
22048,-5246.430733,342.2489333,NA,NA,NA,NA,NA,NA,NA,,,
11025,-80280.62951,3177.048127,NA,NA,NA,NA,NA,NA,NA,,,
5513,4609.350264,995.9933568,2641.780814,-1109.932498,2290.372966,-1544.990113,-15703.128,-19833.55356,NA,,,
11026,49867.98473,185.6172857,26220.12952,-2340.121553,NA,NA,NA,NA,NA,,,
22052,-3336.57618,684.3161627,-10293.04006,NA,NA,NA,NA,NA,NA,,,
44104,-13629.61624,684.3161627,NA,NA,NA,NA,NA,NA,NA,,,
11027,8193.553775,1049.457882,3566.280228,-1309.644343,NA,NA,NA,NA,NA,,,
22054,-21048.52676,911.3758152,NA,NA,NA,NA,NA,NA,NA,,,
22055,-17806.75125,698.8551775,NA,NA,NA,NA,NA,NA,NA,,,
2757,1149.991896,208.3612364,-196.8019336,145.3184729,-1510.015001,NA,NA,-7765.265688,NA,,,
5514,-7499.836346,361.597564,-2165.318862,59.03684032,NA,NA,NA,NA,NA,,,
11028,-7438.737592,364.9829578,NA,NA,NA,NA,NA,NA,NA,,,
11029,-4564.604495,305.5161952,NA,NA,NA,NA,NA,NA,NA,,,
5515,-138696.3837,6499.66613,NA,NA,NA,NA,NA,NA,NA,,,
1379,73649.8746,-432.0104836,2127.342802,-1208.674721,17196.79131,-15564.24034,19714.53085,10921.61769,NA,,,
2758,-255701.6673,410.2862827,-5418.948635,6403.919961,-25011.54584,88968.10148,NA,NA,NA,,,
5517,42594.13596,295.4393359,706.2218623,-1252.543161,19242.81101,NA,NA,NA,NA,,,
11034,25032591.36,-9325.966167,513847.8487,-642679.5767,NA,NA,NA,NA,NA,,,
22068,35110.17004,-603.8861976,15312.11991,NA,NA,NA,NA,NA,NA,,,
44137,-5421.912071,296.8267382,NA,NA,NA,NA,NA,NA,NA,,,
2759,123953.2722,-2139.403542,NA,NA,NA,NA,NA,NA,NA,,,
345,6688.434202,63.47698544,-3849.717935,234.1848221,1048.90761,20820.30908,-7136.77408,-6989.744833,-9770.53309,,,
690,-143195.6794,790.4426987,10806.92583,3419.564733,9967.774053,9167.201103,NA,-24228.1146,1215.06987,,,
1380,-34415.73479,1188.223988,NA,NA,NA,NA,NA,NA,NA,,,
1381,-143195.6794,790.4426987,-13421.18877,3419.564733,9967.774053,NA,NA,NA,1215.06987,,,
2762,-52446.9766,492.8508878,9912.330873,1403.620208,NA,NA,NA,NA,NA,,,
5524,-21978.61844,847.8360136,NA,NA,NA,NA,NA,NA,NA,,,
5525,23886.15129,-240.2900243,NA,NA,NA,NA,NA,NA,NA,,,
2763,3424.180294,95.95110625,NA,NA,NA,NA,NA,NA,NA,,,
691,5512.898541,-83.82869136,-9064.710284,767.2691562,-992.957832,20981.58668,-6597.836265,-10845.61996,-17044.32964,,,
1382,471801.9472,-11088.1468,11463.12156,3956.943282,NA,NA,NA,NA,NA,,,
2765,11747.93651,278.172775,-16621.28339,NA,NA,NA,NA,NA,NA,,,
5530,288769.3263,-5262.25502,NA,NA,NA,NA,NA,NA,NA,,,
1383,13718.72944,-220.3970306,-8304.860694,625.1141287,366.6757118,24840.40821,-12368.84749,-12446.9624,-18637.09887,,,
2766,-1734.13856,378.3784321,546.1757276,-214.2371421,835.5451379,9751.340174,NA,-270.1952734,NA,,,
5532,-1295.20635,163.11285,-614.8186,NA,NA,NA,NA,NA,NA,,,
11065,-1910.02495,163.11285,NA,NA,NA,NA,NA,NA,NA,,,
5533,-15500.70299,682.728291,5181.318259,-50.28245006,NA,NA,NA,NA,NA,,,
11066,-16213.3787,675.80145,4998.5849,NA,NA,NA,NA,NA,NA,,,
22132,-9104.280176,564.7217856,NA,NA,NA,NA,NA,NA,NA,,,
2767,701889.3756,-8209.768297,54067.95625,-15322.66607,15422.5205,NA,NA,NA,NA,,,
5534,355312.1303,-3524.217778,NA,-7725.365325,NA,NA,NA,NA,NA,,,
11068,60162.93857,-1050.491423,NA,NA,NA,NA,NA,NA,NA,,,
5535,-35926.202,1133.613,NA,NA,NA,NA,NA,NA,NA,,,
173,3803.223386,115.2110439,3965.355123,-52.49827331,NA,NA,NA,NA,NA,,,
346,-2551.373323,254.8756795,NA,NA,NA,NA,NA,NA,NA,,,
347,1978.85589,123.689515,NA,NA,NA,NA,NA,NA,NA,,,
87,-4736.665104,186.2588855,-1974.013835,270.0407074,1000.407952,27259.37728,147.8934303,-4454.968547,-1028.170779,,,
174,1260.941229,155.0277712,-3569.774066,157.4952398,1310.670416,29496.8137,-635.7413219,-5806.063582,-1585.319227,,,
348,-3959.688097,212.5455543,-2597.614573,278.9495958,3242.121694,28616.29912,-6921.301538,-8682.154104,-4852.922303,,,
696,-4865.166393,121.3040019,-2497.497835,406.3075352,4339.46012,29364.24487,-6913.797991,-9254.892632,-8461.993552,,,
1392,1236.081126,184.4467257,-3455.269661,140.8892055,3011.713779,36205.01108,-5233.328963,-8637.631791,-5339.281659,,,
2784,-19510.95717,498.2059407,1653.779794,390.672051,-2527.133533,33521.77899,-6175.989746,-4423.931623,-5885.720525,,,
5568,1250538.522,-651.7290803,-63621.88201,-33143.23554,-142376.4841,NA,NA,NA,NA,,,
11136,-32701.3603,NA,NA,1247.21957,NA,NA,NA,NA,NA,,,
11137,30211.03193,256.4024545,-33819.42956,NA,NA,NA,NA,NA,NA,,,
22275,-3608.397636,256.4024545,NA,NA,NA,NA,NA,NA,NA,,,
5569,-32020.74473,807.3896121,1624.113603,423.7101557,-5730.498164,NA,-6959.356916,NA,NA,,,
11138,-4523.185368,285.7001392,429.4216432,-15.30965465,640.0885394,NA,NA,NA,NA,,,
22276,-31325.21542,1673.82287,NA,-1182.289672,NA,NA,NA,NA,NA,,,
44552,-7857.698824,369.8818132,NA,NA,NA,NA,NA,NA,NA,,,
22277,-5345.617172,319.1022487,NA,NA,NA,NA,NA,NA,NA,,,
2785,-1721.99037,227.6441283,-7958.37739,323.3278614,4024.953247,35825.00932,-6662.095642,-8676.232825,-7608.156531,,,
5570,-4705.154795,207.7786073,-12227.74924,639.184173,3785.390165,34215.68131,-8517.601854,-19534.06772,-8771.421942,,,
11140,-10870.74389,345.5916728,-14940.46815,944.3250355,2060.093639,44950.34168,-15833.82743,-27047.73012,-14168.69919,,,
22280,-15936.87727,1170.956937,-3467.735601,1.39,5683.469602,35600.67168,-34162.76353,NA,-41761.78311,,,
44560,4887.300523,443.5195921,14691.95934,-989.6148045,17168.66228,NA,NA,NA,NA,,,
89120,-76447.83566,1688.08016,47771.31853,NA,NA,NA,NA,NA,NA,,,
178240,34294.76639,-483.3434095,NA,NA,NA,NA,NA,NA,NA,,,
89121,260215.3148,-3849.882998,NA,NA,NA,NA,NA,NA,NA,,,
44561,16507.02468,256.0312852,-19413.13251,NA,NA,NA,NA,NA,NA,,,
89122,36802.57231,-626.3838291,NA,NA,NA,NA,NA,NA,NA,,,
22281,-2989.8663,227.63335,918.63995,NA,NA,NA,NA,NA,NA,,,
44563,-3948.447117,267.5742174,NA,NA,NA,NA,NA,NA,NA,,,
11141,-275789.3173,447.8331819,NA,8658.80594,NA,NA,NA,NA,NA,,,
22282,-187566.9083,4355.119363,NA,NA,NA,NA,NA,NA,NA,,,
5571,-248491.6926,5437.329517,NA,4132.531987,-103891.3568,NA,NA,NA,NA,,,
11142,-3668.499111,233.8610045,NA,24.53052985,NA,NA,NA,NA,NA,,,
22284,-2643.122963,225.7659296,NA,NA,NA,NA,NA,NA,NA,,,
1393,63881.61864,-948.6372857,-23669.2387,1.39,3355.148793,35296.22606,3179.56927,-45227.53549,-40340.96029,,,
2786,13906.70472,-684.89404,46832.27952,1.39,6395.52128,NA,NA,NA,NA,,,
5573,173210.0082,-5035.98714,173517.2363,-2120.266476,NA,NA,NA,NA,NA,,,
11146,-2423.779786,225.3026714,NA,NA,NA,NA,NA,NA,NA,,,
11147,126001.7219,-1849.804882,NA,NA,NA,NA,NA,NA,NA,,,
2787,187330.1068,-617.6357487,-39676.37576,-4361.471392,NA,NA,NA,NA,NA,,,
5575,-73254.72453,1401.725506,61453.06141,NA,NA,NA,NA,NA,NA,,,
11151,-11801.66312,1401.725506,NA,NA,NA,NA,NA,NA,NA,,,
697,-25545.84067,601.1195141,-6739.578291,-96.18186919,4382.039101,27429.67134,NA,9892.504357,13914.24537,,,
1394,-200118.7202,2826.101978,-5374.626216,1253.63992,20797.1823,-2872.27817,NA,47794.18271,25448.51377,,,
2788,586.7143933,126.6912133,491.42306,NA,NA,NA,NA,NA,NA,,,
5577,586.7143933,126.6912133,NA,NA,NA,NA,NA,NA,NA,,,
2789,-160807.9777,1333.679901,-11547.52956,4984.695114,-10974.11135,NA,NA,NA,NA,,,
5578,-161463.6298,2193.551505,NA,2835.016103,NA,NA,NA,NA,NA,,,
11157,3304.356144,111.3896778,NA,NA,NA,NA,NA,NA,NA,,,
5579,38045.81675,96.220425,NA,NA,NA,NA,NA,NA,NA,,,
349,31501.95341,-232.2649962,-7781.109439,-235.4093415,-1365.671816,32358.20471,9650.942663,-4386.415425,11327.12999,,,
698,-840.6958836,223.1986114,-750.5182411,-66.87935143,845.5516182,35782.91377,881.0563437,809.780671,1959.968441,,,
1396,-19703.3546,629.0484,NA,NA,NA,NA,NA,NA,NA,,,
1397,-33089.01872,920.5843485,9493.421704,-59.76623735,2294.376814,31958.99351,-13636.47585,8562.013488,-19337.47427,,,
2794,426910.9364,-6457.138254,NA,-636.0395606,-9995.539662,NA,NA,NA,NA,,,
5588,2220968.668,-31203.18078,NA,-12776.37113,NA,NA,NA,NA,NA,,,
11176,332919.1302,-5160.677617,NA,NA,NA,NA,NA,NA,NA,,,
2795,-23187.90873,408.9088855,5389.763228,317.315695,995.8130971,33000.85306,NA,NA,NA,,,
5591,-204413.513,2193.888176,51975.8326,3152.491273,3707.540405,NA,NA,NA,NA,,,
11182,-152437.6804,2193.888176,NA,3152.491273,3707.540405,NA,NA,NA,NA,,,
22365,-135033.911,2008.578608,NA,2858.154434,NA,NA,NA,NA,NA,,,
44731,-2036.839825,209.1322125,NA,NA,NA,NA,NA,NA,NA,,,
699,-11877.96966,81.01675868,-28189.45509,1205.730338,-1603.849594,6614.236258,NA,NA,NA,,,
1398,4632.892426,197.0728445,-23734.67149,477.5352894,NA,NA,NA,NA,NA,,,
2796,-30073.6499,1000.2597,NA,NA,NA,NA,NA,NA,NA,,,
2797,-4301.169688,273.1800313,NA,NA,NA,NA,NA,NA,NA,,,
1399,42041.39881,-762.9737282,NA,NA,NA,NA,NA,NA,NA,,,
175,14225.43782,-746.9671164,-30983.35147,1166.764343,NA,NA,NA,NA,NA,,,
350,17645.72415,-97.7461,-14536.14125,NA,NA,NA,NA,NA,NA,,,
701,-4562.269426,306.0356014,NA,NA,NA,NA,NA,NA,NA,,,
11,-9801.301669,319.4987275,-1756.941652,262.8289346,-631.0098092,24861.68987,-953.5578852,-2590.202957,-582.4912855,,,
22,-11738.87527,294.6401843,-3325.893428,346.1733751,-1066.031836,24960.472,-58.62895835,682.9285162,2706.128168,,,
44,-13017.24204,130.5649391,-3324.450832,540.6846233,715.1783433,19886.78659,1482.615662,-3709.294154,3408.061972,,,
88,-48455.94116,-1548.303061,-42289.33681,5712.035019,-6048.902642,51073.74365,-21371.30882,-85277.16286,-15209.04065,,,
176,-14122.57156,-232.9882252,NA,1340.304515,NA,NA,NA,NA,NA,,,
352,20399.84331,-114.2755395,NA,NA,NA,NA,NA,NA,NA,,,
177,-92237.63709,209.8286071,6871.197875,3095.533661,-13080.32936,47808.06864,11715.96703,NA,NA,,,
355,-140045.7057,209.8286071,6871.197875,3095.533661,34727.73929,NA,11715.96703,NA,NA,,,
710,-140045.7057,209.8286071,6871.197875,3095.533661,34727.73929,NA,NA,NA,NA,,,
1421,-205235.5081,5734.471806,-41927.34849,1120.683546,NA,NA,NA,NA,NA,,,
2843,-261936.4921,8869.584025,-89326.65905,NA,NA,NA,NA,NA,NA,,,
5687,-38619.84443,1425.695771,NA,NA,NA,NA,NA,NA,NA,,,
89,-1903.0901,211.8765455,-494.0933636,NA,NA,NA,NA,NA,NA,,,
178,-9149.792767,376.5743333,NA,NA,NA,NA,NA,NA,NA,,,
45,-15485.83895,202.5953647,279.5400317,507.2779919,-237.6581363,32075.74408,-581.4876989,5242.735911,-1052.852742,,,
90,-17574.85285,174.0940475,-1716.02114,640.4821135,-891.4477347,33702.21603,-1205.289904,4862.129954,561.1283187,,,
180,-17574.85285,174.0940475,-1716.02114,640.4821135,-891.4477347,NA,-1205.289904,4862.129954,561.1283187,,,
360,-6190.222878,239.6109971,-134.9803329,98.73989458,425.4937407,NA,NA,12381.9333,NA,,,
720,-59057.01181,-233.2978365,5160.910962,2310.084075,NA,NA,NA,NA,NA,,,
1441,-1283.909182,220.3186727,-896.7595045,NA,NA,NA,NA,NA,NA,,,
2883,2801.328561,120.6787278,NA,NA,NA,NA,NA,NA,NA,,,
721,-5716.642552,320.3996897,NA,NA,NA,NA,NA,NA,NA,,,
361,-1767.867725,235.6370393,NA,NA,NA,NA,NA,NA,NA,,,
91,-61325.61952,1824.983009,NA,NA,NA,NA,NA,NA,NA,,,
23,-7476.591755,312.0650935,-735.65529,215.8687704,-914.3596268,25813.19319,-530.0652188,-4838.132677,-3221.685603,,,
46,-8943.170657,359.5258192,-1258.035817,211.8695182,-816.9909608,25974.85701,82.27502347,-6029.890661,-2886.884862,,,
92,-138045.3219,-4385.994005,24255.07754,10018.46947,NA,NA,NA,NA,NA,,,
184,-25055.20172,764.4100718,11772.97535,NA,NA,NA,NA,NA,NA,,,
368,-13282.22636,764.4100718,NA,NA,NA,NA,NA,NA,NA,,,
93,-8318.426637,383.3952114,-4847.97824,199.9880924,218.2123063,27793.55166,-6812.722681,-7469.896126,-6199.362794,,,
186,-5970.109114,347.4991498,-2628.895491,134.3511185,15.82371506,29537.24694,-8526.209023,-5948.702133,-4019.746639,,,
372,-58953.88344,579.2408597,-2903.745802,1230.137055,9263.429984,12934.74588,-10791.27539,-11660.41254,28236.56726,,,
744,166729.6258,-569.0837988,-19748.02511,-3804.918007,NA,NA,NA,NA,NA,,,
1489,62371.10191,-1226.296909,-4836.205536,NA,NA,NA,NA,NA,NA,,,
2979,57534.89637,-1226.296909,NA,NA,NA,NA,NA,NA,NA,,,
745,-70614.29597,579.2408597,8756.666737,1230.137055,9263.429984,NA,NA,NA,NA,,,
1491,-35816.85566,174.4581515,7010.205236,982.4120193,NA,NA,NA,NA,NA,,,
2983,-6279.000952,318.5452476,84.2005,NA,NA,NA,NA,NA,NA,,,
5966,13470.8044,NA,84.2005,NA,NA,NA,NA,NA,NA,,,
373,857.9277065,505.5940001,-841.9403012,-235.2745756,-2743.411477,41219.00938,NA,6890.218727,NA,,,
746,-7105.861462,352.6381588,469.4557587,0.524769526,NA,NA,NA,NA,NA,,,
1492,-4947.198928,300.4627056,NA,NA,NA,NA,NA,NA,NA,,,
1493,-6543.531243,350.7879714,NA,NA,NA,NA,NA,NA,NA,,,
747,-587133.3653,9600.688339,NA,9525.654573,NA,NA,NA,NA,NA,,,
1495,255529.8524,-9331.550125,NA,NA,NA,NA,NA,NA,NA,,,
187,-43397.35325,2533.23245,NA,NA,NA,NA,NA,NA,NA,,,
47,-3323.463188,274.4016605,-1348.592535,NA,NA,NA,NA,NA,NA,,,
95,-2564.879888,232.2581438,NA,NA,NA,NA,NA,NA,NA,,,
3,-16273.61802,247.9044942,1475.322938,387.5237814,578.5938847,24785.00721,4735.047294,-953.3892687,1423.53387,,,
6,-12014.73913,230.2247439,2057.609966,264.6541253,903.8281792,21690.37327,3630.796154,-600.5490221,1212.973489,,,
12,-9478.007173,246.2302135,2149.797174,191.0904157,869.6260224,19727.28165,3680.730182,-1315.961079,639.1109325,,,
24,-9071.425509,227.2824389,1316.055328,186.0996857,851.8072142,22620.86989,5171.388322,-491.0454272,2069.093781,,,
48,-2448.576053,240.5402551,NA,NA,NA,NA,NA,NA,NA,,,
49,-9157.628803,210.7343908,1596.91636,205.218661,926.296725,22629.73928,5600.847415,-779.8093292,1985.220485,,,
98,-8120.49841,214.8171995,5351.157689,128.8318443,520.8822213,24098.19943,4975.829152,-1355.145265,2355.214056,,,
197,-8864.618881,255.0396001,4348.17042,132.2052891,91.84397496,24377.45948,3321.268978,-1302.087855,1959.620578,,,
394,-14870.72133,287.0018623,2869.658704,254.6648461,801.4015369,27193.58815,1806.570878,-1450.492286,2423.063753,,,
788,-18708.95159,365.5144464,1525.941192,276.8233511,1441.486896,30233.88932,680.787922,-1731.396086,2033.197251,,,
1576,-20935.32376,357.9298865,1762.068729,340.6384165,1692.028408,30440.05345,1074.477485,-1350.359053,1702.128762,,,
3152,-30132.16129,457.09169,2727.851727,564.2488629,1978.435774,30802.85738,-1270.395254,-4953.330772,-473.4441856,,,
6304,-45420.59187,525.7450654,5958.376484,853.9448919,3345.837598,34866.57066,-62.14245352,-6559.420683,NA,,,
12608,86236.27876,-1427.482411,-26433.92262,NA,NA,NA,NA,NA,NA,,,
25217,86236.27876,-1427.482411,NA,NA,NA,NA,NA,NA,NA,,,
12609,-56252.89484,668.2130792,5601.203252,1056.34692,4339.301333,37549.37122,-3650.635678,-8647.277384,NA,,,
25218,-57505.16542,719.5050822,6128.050762,1081.930421,3972.842438,36899.88112,-4834.719338,-9731.696702,NA,,,
50437,-55750.0821,697.3480689,7084.372336,1031.772885,4066.322019,36534.61457,-4326.620094,-9899.519756,NA,,,
100874,39674.41269,-639.986699,26251.99478,-640.4059424,NA,NA,NA,NA,NA,,,
201748,14057.91537,-592.4755014,31267.4118,NA,NA,NA,NA,NA,NA,,,
403497,-373.1977654,209.2530064,NA,NA,NA,NA,NA,NA,NA,,,
100875,-148831.2826,3297.672245,153841.9567,-1885.465374,26359.35782,NA,NA,NA,NA,,,
201750,-5276.729685,309.3048515,NA,NA,NA,NA,NA,NA,NA,,,
201751,-254.9554,207.8658625,30969.23623,NA,NA,NA,NA,NA,NA,,,
403502,-254.9554,207.8658625,NA,NA,NA,NA,NA,NA,NA,,,
6305,-6410697.098,15279.65873,-1004108.902,217017.163,245357.3114,NA,NA,NA,NA,,,
12610,-164609.1253,2580.152646,-14189.53736,2980.543591,NA,NA,NA,NA,NA,,,
25220,-19546.0687,694.958825,-404.52325,NA,NA,NA,NA,NA,NA,,,
50441,-27636.5337,897.22045,NA,NA,NA,NA,NA,NA,NA,,,
3153,404206.7685,-8037.250813,-35082.078,NA,NA,NA,NA,NA,NA,,,
6306,369124.6905,-8037.250812,NA,NA,NA,NA,NA,NA,NA,,,
1577,-3719.9339,273.3386143,-128.7990286,NA,NA,NA,NA,NA,NA,,,
3154,-2367.5441,208.9391,NA,NA,NA,NA,NA,NA,NA,,,
789,267047.473,-4569.322417,NA,NA,NA,NA,NA,NA,NA,,,
395,1580977.437,-15806.58172,-367083.0617,-27366.58773,151345.6749,-822710.2932,-316581.924,NA,NA,,,
790,10539.93388,2733.368552,3807.385746,-2971.916326,-13608.02491,NA,NA,NA,NA,,,
1580,-8782.4174,388.0638,NA,NA,NA,NA,NA,NA,NA,,,
1581,-147960.5196,4992.02496,54739.32784,NA,NA,NA,NA,NA,NA,,,
3162,-93221.19179,4992.02496,NA,NA,NA,NA,NA,NA,NA,,,
791,-3059.090998,273.3680262,NA,NA,NA,NA,NA,NA,NA,,,
99,-24541.27465,430.0971545,-8526.755611,499.4070413,1963.423433,25323.95037,5399.717178,194.3988036,3169.953466,,,
198,-300239.3317,4829.789137,-139556.2273,7054.288693,-31301.9666,NA,-52474.83498,-55103.22278,NA,,,
396,-300239.3317,4829.789137,-139556.2273,7054.288693,-31301.9666,NA,NA,-55103.22278,NA,,,
792,-22896.22588,268.928949,30297.7524,655.4040552,-1261.409743,NA,NA,NA,NA,,,
1584,-7660.350302,203.7916038,33058.41714,185.6635849,NA,NA,NA,NA,NA,,,
3168,-4344.929143,320.4944286,NA,NA,NA,NA,NA,NA,NA,,,
3169,-56928.18091,1804.215874,NA,NA,NA,NA,NA,NA,NA,,,
199,6499.019281,60.66964552,-811.699157,-13.22891703,2218.576905,7547.659399,1133.486026,-308.8890355,-1700.094064,,,
398,6624.122678,58.93458738,74.16603482,-34.66199892,2523.302758,7712.908118,1051.952468,-781.8340642,-1150.133119,,,
796,3600.848087,-53.34749779,-2080.75154,393.3190347,661.0383271,6993.197271,33.99994552,2557.700676,-2799.389324,,,
1592,8275.593997,175.6344212,4736.038148,-751.6374743,5919.199356,20138.69402,10989.67038,-20138.2772,7030.023655,,,
3184,47148.26814,-510.0515762,357.9707801,-265.7598962,-3731.970212,2007.182356,NA,NA,NA,,,
6368,46978.24111,-305.5263021,3872.684225,-799.6612141,NA,NA,NA,NA,NA,,,
12736,-2643.812846,248.0853077,-531.6036923,NA,NA,NA,NA,NA,NA,,,
25473,-26565.979,779.689,NA,NA,NA,NA,NA,NA,NA,,,
6369,27530.32428,-352.3992886,NA,NA,NA,NA,NA,NA,NA,,,
3185,18099.20261,-678.6356491,38583.7545,-195.3561956,13226.28103,-4907.48677,NA,NA,NA,,,
6370,12462.38867,-425.7181573,28215.77207,-148.6493642,9766.122201,NA,NA,NA,NA,,,
12740,-3447.231789,288.1285908,-1047.330632,-16.82170992,NA,NA,NA,NA,NA,,,
25481,-5477.35985,379.21815,-4781.4138,NA,NA,NA,NA,NA,NA,,,
50962,-3147.953127,256.6177962,NA,NA,NA,NA,NA,NA,NA,,,
1593,174539.4497,-3095.801327,NA,NA,NA,NA,NA,NA,NA,,,
399,-128129.4296,5945.88835,-108776.0318,NA,NA,NA,NA,NA,NA,,,
799,-236905.4614,5945.88835,NA,NA,NA,NA,NA,NA,NA,,,
25,-6399.145246,337.5417679,957.7922057,-11.54098528,497.7344664,12601.1196,4050.2806,-670.2351542,-794.905686,,,
50,329.5091951,281.1844021,1363.848201,-127.686748,1154.389032,9067.18675,6423.52022,-379.8587133,-1627.910202,,,
100,-24987.50468,191.6446859,3545.124125,805.4658143,-6681.540791,7838.009346,10679.88207,-9321.929012,9164.063926,,,
200,-10974.01581,391.2939855,-4358.750487,21.53550725,-344.0944058,15730.31041,1646.743417,3213.502072,1186.305168,,,
400,15912.15983,-60.02080132,NA,NA,NA,NA,NA,NA,NA,,,
401,-7760.513733,391.2939855,-4358.750487,21.53550725,-344.0944058,15730.31041,NA,NA,-2027.196904,,,
802,-10027.19761,372.3417792,-3687.842383,90.45262111,-993.638204,14834.38793,NA,NA,NA,,,
1604,19695.8008,620.8618328,-12485.45228,-813.2566646,-5767.482506,NA,NA,NA,NA,,,
3208,-56321.5928,1209.9614,NA,NA,NA,NA,NA,NA,NA,,,
3209,23705.90383,310.0268672,NA,-725.8943921,NA,NA,NA,NA,NA,,,
6418,-5143.297376,317.6781865,NA,NA,NA,NA,NA,NA,NA,,,
201,-161297.0121,3711.520378,-14648.60981,NA,NA,NA,NA,NA,NA,,,
403,7162.00075,49.367925,NA,NA,NA,NA,NA,NA,NA,,,
101,-293037.3851,-705.1188936,-192544.2465,13580.81337,NA,NA,NA,NA,NA,,,
203,8918.41926,317.9690467,-15649.62545,NA,NA,NA,NA,NA,NA,,,
407,-977007.9843,15967.5945,NA,NA,NA,NA,NA,NA,NA,,,
51,31562.0006,2060.125625,64234.94048,-5524.290748,NA,NA,NA,NA,NA,,,
102,14607.69291,-47.76780875,NA,NA,NA,NA,NA,NA,NA,,,
103,-6715.4809,398.234825,NA,NA,NA,NA,NA,NA,NA,,,
13,-3981.214006,204.7439145,804.6793387,78.29021695,23.69642622,35394.79063,129.1943771,2611.533788,-508.4006287,,,
26,-4015.375953,206.9048169,727.0986144,76.22649147,-10.64841843,35454.31229,217.6420147,2760.922033,-417.6080761,,,
52,-1915.941174,272.1061666,-1017.700884,-47.99802445,387.6058466,NA,290.6758555,NA,NA,,,
104,81317.23305,-1435.51075,10047.6147,NA,NA,NA,NA,NA,NA,,,
209,-2412.88945,239.0917,NA,NA,NA,NA,NA,NA,NA,,,
105,-1767.443216,266.0634632,-2044.946584,NA,NA,NA,NA,NA,NA,,,
211,-11583.18682,675.05278,NA,NA,NA,NA,NA,NA,NA,,,
53,1687.377656,247.3742491,-315.4316522,-155.5892092,179.1060351,33591.27589,665.2532651,12097.71741,-209.0478584,,,
106,-11027.42196,232.5926766,NA,282.5906605,239.1837791,35313.98057,-1688.361244,NA,NA,,,
212,47742.60478,-251.3325208,NA,-792.7986668,-2825.675804,46799.13858,NA,NA,NA,,,
424,-198343.2964,2126.18248,NA,3728.959301,NA,NA,NA,NA,NA,,,
849,-50833.12438,1616.060848,NA,NA,NA,NA,NA,NA,NA,,,
425,-1812.038,218.6668,NA,NA,NA,NA,NA,NA,NA,,,
107,13366.23974,408.000135,-6010.703115,-670.4162044,NA,NA,NA,NA,NA,,,
214,197.8122346,202.2339308,NA,NA,NA,NA,NA,NA,NA,,,
215,-2994.150367,249.3349667,NA,NA,NA,NA,NA,NA,NA,,,
7,-25162.64105,313.9884081,2580.018776,586.1129043,190.3807195,27960.23478,6565.156552,-795.2457818,1175.932415,,,
14,-30117.24941,250.3700556,1737.159611,782.5423701,737.8629865,28787.91807,7798.846052,-906.7285312,4240.302537,,,
28,-32589.96867,162.278775,3363.440311,900.9398483,983.3084726,32257.29328,10165.47408,-4335.604048,5115.261159,,,
56,-35519.00926,81.30294075,1234.454511,1035.147426,-1032.787527,35013.4787,13919.03222,-3662.110901,12348.99916,,,
112,39245.92694,574.993696,13959.25538,-2215.880982,-594.1663167,NA,-4987.650171,41250.12826,NA,,,
225,778.4211817,43.3862555,935.8515087,1.867849462,4249.005764,NA,-5666.020402,NA,NA,,,
450,-3719.340464,297.4396591,-1116.767173,NA,NA,NA,NA,NA,NA,,,
900,-3719.340464,297.4396591,NA,NA,NA,NA,NA,NA,NA,,,
451,-289463.3153,-9927.362181,NA,23656.72142,NA,NA,NA,NA,NA,,,
903,74455.91586,-1844.64903,NA,NA,NA,NA,NA,NA,NA,,,
113,-68787.84556,102.7316159,NA,2083.156654,4987.973133,32159.3,14359.2484,-6725.889088,NA,,,
226,-75709.08439,-1001.825953,NA,4245.767143,16000.45395,13052.63633,NA,NA,NA,,,
452,175850.8817,-2907.374283,NA,NA,NA,NA,NA,NA,NA,,,
453,184750.8478,-10089.66059,NA,5723.145336,NA,NA,NA,NA,NA,,,
906,104283.4244,-3021.5761,NA,NA,NA,NA,NA,NA,NA,,,
227,170305.1885,-3510.437011,NA,NA,NA,NA,NA,NA,NA,,,
57,106367.8956,961.2430215,-42090.15084,-3015.210247,-6529.953061,NA,NA,NA,NA,,,
114,-39616.52376,2324.118053,-92821.06325,NA,NA,NA,NA,NA,NA,,,
229,62486.64582,-769.9173883,NA,NA,NA,NA,NA,NA,NA,,,
115,-17390.50318,1011.986325,NA,NA,NA,NA,NA,NA,NA,,,
29,-46668.96662,539.8531735,2784.995164,902.5307892,484.3478231,30981.80559,6218.231673,5310.292971,NA,,,
58,-45833.18509,544.189713,9406.915041,1011.662333,-66.52490294,21971.683,5586.848276,16302.72734,NA,,,
116,-300028.3414,1039.508392,-57808.93134,8805.7756,-17997.37274,93591.70572,-14996.10696,NA,NA,,,
232,-5769.189166,754.6377126,NA,NA,NA,NA,NA,NA,NA,,,
233,150542.1802,-151.9185462,28061.12131,-4529.316047,9631.667148,NA,NA,NA,NA,,,
466,-342298.4871,92.45910894,-2071.706084,12116.69814,NA,NA,NA,NA,NA,,,
933,-3188.45607,265.1220575,31079.58004,NA,NA,NA,NA,NA,NA,,,
1867,51200.809,-706.1148188,NA,NA,NA,NA,NA,NA,NA,,,
117,281239.885,-5414.918783,-142137.0226,NA,NA,NA,NA,NA,NA,,,
235,51986.62265,-829.8535371,NA,NA,NA,NA,NA,NA,NA,,,
59,-25271.85264,512.7384418,-2536.366023,391.1198374,NA,NA,NA,NA,NA,,,
118,5326.23448,-12.14438,NA,NA,NA,NA,NA,NA,NA,,,
119,-8075.816983,391.9309944,NA,NA,NA,NA,NA,NA,NA,,,
15,-125072.6871,3983.136359,-98571.28016,38.98210632,-1879.607063,-91808.6755,139315.7539,117682.5349,NA,,,
30,119463.3697,-3331.38005,130349.9217,NA,NA,NA,NA,NA,NA,,,
60,119463.3697,-3331.38005,NA,NA,NA,NA,NA,NA,NA,,,
31,-6769.613437,306.3426368,444.5089399,23.27226422,1499.249504,NA,NA,NA,NA,,,
62,-39665.6358,1364.23365,NA,NA,NA,NA,NA,NA,NA,,,
63,-10161.4194,297.5235221,NA,199.6545588,NA,NA,NA,NA,NA,,,
126,-3112.804068,261.6396622,NA,NA,NA,NA,NA,NA,NA,,,
