"nodename","intercept","age","sexmale","bmi","children","smokeryes","regionnorthwest","regionsoutheast","regionsouthwest","r-squared"
"1",-11975.4785508212,256.613829539628,-106.280189593792,345.29777677399,482.749513659822,23840.8904142225,-484.85227487683,-1260.72398813287,-1068.16699538233,0.747717249431527
"2",-11904.8706899223,263.501787798514,-98.9496312443029,333.003319787973,416.63103739079,24104.2191985947,-216.913264219288,-1179.9572312072,-872.430444713446,0.74535145321362
"4",-15299.6576721812,435.888119363433,232.093087473744,188.180199224372,973.305739356416,23135.2691953893,-885.120332856808,1354.08120191317,289.716603999371,0.826585195150735
"8",-17075.1630711197,461.463050500883,-995.131855276758,181.033290793868,1772.7170233679,20435.3117834744,-815.033943512307,2780.76082580922,1462.10256701978,0.77919273051087
"16",-18939.4767219984,481.013258199016,-688.273076422615,204.187384881158,1739.09101168781,21411.4411234176,-918.263690625658,3431.49966982263,3049.83455831839,0.788582798774715
"32",-20034.7564483548,483.035093803408,-560.329716870381,174.349432801167,2472.45111419147,21395.5692466168,689.850197661299,4454.884770501,5249.13455094545,0.818217720891155
"64",-29495.2308365324,448.113716888265,5496.37989471947,553.369765644349,1951.80653162133,18479.2965355373,-3031.89801730268,1076.47385071568,328.932707059214,0.901285748420737
"129",-23313.322911422,397.147204935907,5851.39536863162,424.161332377379,2604.3881052578,18118.5917946763,-2699.43038518994,352.703582463002,348.330056355958,0.904414387070594
"259",-17037.9944782552,244.731336770716,7810.08068501782,562.674789677597,1178.6346362239,20162.1604797013,-6240.76449316411,-2395.62865516751,-8640.89190233111,0.93023622001061
"518",-34892.0277264414,560.985790078185,1112.38799077319,648.287347172056,5808.99553629463,37339.8051752869,-8888.14207610995,-23388.549423186,NA,1
"65",38852.4380937204,907.433777806597,11669.9379919508,-2994.11708570793,6469.16639541692,14857.8104472962,NA,7472.94611380882,17032.5838321682,0.980921762454279
"33",2295.70439625868,205.005490970794,-478.326956467197,64.4208379440773,1095.34899073337,NA,-6850.01898097985,-6728.34847081476,-7828.66122543898,0.637676662372399
"67",13845.9981347669,204.865667359151,-468.727986361063,40.0889906288804,1273.11446851078,NA,-18120.7422956791,-17571.3412999921,-20961.5464777724,1
"17",-3088.38963634484,234.655729378911,1418.28014624812,13.564070434918,-25.5195149195847,13341.8058396856,NA,NA,-819.360424057504,1
"9",-11472.6122238113,422.708147401038,1709.26554767649,68.3961963155875,-164.504291849942,25704.7964842239,34.3435867759943,2601.4092900877,-54.8512964080294,0.896597009733375
"19",-12956.6270023769,425.063994122203,2678.21022688178,78.0121347764501,225.025544373687,25627.3542802919,175.793560557934,3681.85155097694,864.643581962994,0.8958052929284
"38",-19339.44923209,697.405088087529,-5202.94394865731,285.362527027549,-4828.08977070385,12356.9884662107,NA,887.096978583513,2737.08457733654,1
"77",-20044.5924058328,648.325097435172,-9282.76471942532,531.134862615983,-8458.0726908797,9776.37894253218,NA,-857.663174698385,NA,1
"39",-10843.8279734278,321.529160726647,3321.9364498121,133.859316735767,-4.73093353547338,30712.9493971302,-613.802078376438,942.438225304667,1992.72156214167,0.957183799160436
"79",-12358.8898307987,330.655475497726,3230.32915097905,180.960412290387,30.2294005819507,31013.5948648017,-1249.35431127387,315.742427421643,1797.19767575042,0.947930997420641
"158",-4084.90101962212,282.811065688418,898.030071146173,-5.44097270194381,-259.557632036259,30102.9107329721,NA,NA,NA,0.999771119640993
"159",-13046.7010580665,354.117396404105,3025.18327120257,207.078524063157,265.949718366641,31827.4218182752,-2597.40874744604,-1195.24873461765,1959.71795677727,0.941633253324493
"318",-6043.51772981611,282.235720223821,9020.9667579057,40.8176578736998,-348.70081854516,NA,-8143.74939659474,715.723104716229,NA,1
"319",-5860.4831166864,390.575854210742,4047.94720326779,-137.869539636288,-382.7905081906,32278.7091120962,1851.61873092498,3520.29952310069,2729.42167483112,0.942561693583489
"5",-11517.6383094389,248.839933244979,-114.159133857692,341.786608578299,382.916609876228,24119.806393697,-149.311519173226,-1343.14300426371,-904.349458623904,0.742513488238522
"10",-11467.2116228993,253.598610151976,-32.8984411246841,321.803380037872,365.016578619943,24187.6022978999,320.982559748454,-926.835616924056,-446.008726955303,0.747881055941155
"20",-14202.6701044596,272.678716946696,411.13326849771,325.936503969775,758.185144045463,24498.1404603459,1471.04686067258,-279.139051369657,83.0756094203167,0.789762716282122
"40",-15062.8854287007,323.439037859811,1706.49199272312,230.709135920759,676.517173939644,28004.9995189202,1005.22464430286,203.456165174734,407.472829302979,0.88289594200415
"80",-33356.7454739138,228.762073718858,-6872.69444831013,1555.63404407916,-1727.62169031449,17699.7793606168,-3197.26241839383,-28434.2938662039,-6732.37118586469,0.811117656667944
"160",-113533.545144363,-841.85845513456,-54104.5159214043,7200.12882533974,-1082.05460839995,38138.8058136877,4002.16478539636,-84866.1508959286,-33994.2455770037,1
"320",-20251.9335197696,548.91561344968,11139.0348085717,-11.988646609505,-1184.41335296937,14694.7234946437,617.352484048229,NA,NA,1
"81",-11699.7089262055,287.682711634428,369.584972892215,147.297890956764,545.336971978565,31439.4175375397,1940.38972977267,1513.96167685375,1600.16045977259,0.96101196502331
"163",-11730.623672178,286.767538468311,406.154062561974,149.264588102911,529.51297017231,31466.932486834,1896.6869944495,1505.93744055902,1602.26777429701,0.961052440938345
"326",-3646.98081051975,271.064020552085,-46.7136876336895,-20.0798215548059,444.22069553317,35916.022318581,-65.1551699254243,-321.175282561927,-469.293719558602,0.999632826399327
"653",-3897.87355350919,272.453337313511,45.9516082941482,-24.4340926684035,470.734087624944,36214.0835014999,141.607255238475,-10.2179518223253,-221.146049271467,0.999699957853724
"1307",2130.26990378011,208.96872508591,1111.11200000001,-167.45054982818,1080.19272852234,38652.6965429553,-980.935285223376,NA,NA,1
"327",-14031.2457589038,263.484051395334,1235.73945938834,185.384496952478,703.982894843592,30562.7727830504,3682.49647638182,2937.65384181141,3143.20690350175,0.961368811950593
"654",-13934.210297561,261.714377115738,1149.21349436362,179.028718872829,711.192966270192,30602.670616944,3891.21892046806,3184.23262126916,3337.78354025188,0.961332940790058
"1309",-13778.5125740809,251.927236890512,1201.59236762553,192.721555701217,568.445692458746,30500.6795610694,3714.36971162284,3153.15117184187,3300.5458942792,0.954492806960918
"2618",-6066.9634832331,261.477162504193,196.320659298449,89.0870610497067,283.723324458135,35486.827911821,-662.980232097783,-1739.45493177523,-956.810417146476,0.99981109489103
"5237",-22533.8560000024,632.844500000039,-4009.94050000041,1.39000000001475,3318.43450000036,33873.9724999998,1534.94750000007,437.790499999942,NA,1
"2619",-13411.3473999967,187.874612724793,1181.73376477661,241.669920143268,448.30108019466,29108.4621399859,6161.50976760839,5231.81717312471,4361.53522433434,0.952214948723421
"5238",-23129.7399081817,110.877854312165,889.820324548386,591.029614123655,1222.09321674861,28024.0001868129,7755.43346259633,1815.50928098454,8223.15506307485,0.966793326871885
"10476",-17168.0583096504,-694.359110228605,-13453.5063070816,1468.08493024991,6492.79732355838,20043.6151748606,19561.8956812672,-11260.6516634838,3470.9410082564,0.98432762094637
"20952",-2002.69641758484,-34.4399048991375,11836.6014910436,103.640889981353,7494.22861388937,13431.0647914901,-6603.39797123802,NA,NA,1
"41",-14676.5837524735,264.116567474435,165.866559965069,369.078820655654,769.021479809,23451.2418633134,1442.10843476349,-314.549074865382,21.144934560486,0.765180179463258
"82",-14682.2711602065,282.817314613648,106.753311843217,344.346951291273,528.867793427137,22633.6072901988,1737.20657905895,-5.13648386105702,460.898809285394,0.738798816161391
"164",-13899.1595734503,249.531877918425,-2533.83715516699,438.467352114709,29.2942943521541,20689.4839876492,1153.73288366061,-536.637221642391,686.22791258271,0.709874103761088
"328",35437.0698706696,60.9539569242971,7384.10177521761,-1423.99484324025,868.945864489547,20913.8366527269,21112.1183842731,23211.1218428195,-5602.24336249052,0.99999418189634
"657",32542.5032180351,2552.76780556225,-90316.5699299303,-2191.70204189742,-24714.6086932338,66038.0587738984,10195.9790192945,NA,NA,1
"329",-17313.3957192516,236.809915114916,-2654.73661670883,567.448979540719,51.0332203284451,20787.8410060189,493.641099088685,-416.594097848786,617.719873747432,0.72850676177102
"658",-16861.1917093357,460.393241439816,-1585.60029163272,62.0467638301164,2065.02861715421,24858.5180213308,3398.67738725756,8560.3915370667,8732.03171026949,0.887295463430746
"1316",-11806.1616044111,423.324945607731,945.718485550136,62.7414354511757,-454.151071701473,24109.835837461,NA,3201.09916275519,5130.89630496617,0.956698324772551
"2632",-2867.41459632877,1221.24990490421,-4158.0899189652,-858.246178675196,4777.93922162372,18262.5501553572,NA,10137.4007767632,-1295.07392029687,0.99361726663602
"1317",-1332.13932280631,383.159630393618,802.649158375486,-365.757387610944,2717.90452281128,18100.5168195698,1186.60978682486,5990.83825640684,13377.0560035772,0.782797408459097
"2635",4970.81465231578,401.728916262766,11.3242230051168,-571.689277940649,2917.36025768604,17689.4814187194,828.949824815847,8418.35600972546,12967.0933513893,0.773786552451861
"5270",-404.59364051526,267.827901915393,363.188461990599,-89.2747619861746,274.773467725215,14566.9693642641,-1056.74808065831,-598.216672223856,24070.5702391755,0.999951628328363
"10540",-818.799132799947,263.190858369302,602.834990858703,-76.1613156307454,201.324106534999,14539.660580416,-981.6079647375,-787.359445697773,24448.9120898911,0.999999853252706
"21080",-631.54854437872,263.209473372781,588.433562130184,-81.5591124260351,209.438686390532,14506.0454911243,-1008.95074556213,NA,24432.1773850296,1
"659",-12541.4126328111,82.0040151380675,-3112.97041650752,679.704992429196,97.6994461522192,18619.1358515779,125.386246145769,-3047.75344928561,-4911.10200700163,0.760918234242827
"1319",-14134.0128194794,61.8146633260146,-3099.52470183143,737.148195893914,1034.9877888341,20164.6062466266,-904.603904818831,-3160.23694880255,-5969.64459310955,0.771152938267373
"2638",-13607.7057377239,68.3217412609234,-1547.0095236516,704.965442651201,2232.40708185382,20827.6238399129,-4845.85397407206,-3835.74607721892,-8176.38709302732,0.76431126571352
"5276",-1787.24539800777,-3.72731041369332,-2431.56275402797,520.002173141277,2446.18552138469,21966.3953232147,-8451.2723992253,-8075.09856725092,-11300.5167367418,0.825211667364323
"10553",-14156.4357528863,95.9054556057784,-1146.42823380927,806.442279238338,2145.56870851784,22994.4979514496,-11749.638269827,-7789.22788617067,-13086.6557104314,0.858967535143264
"21106",21466.7800550755,216.021300215982,-10515.0434438445,-358.879546436283,-549.839153347722,18856.8954762419,NA,-12561.3604784017,NA,1
"21107",135673.474546897,361.957953759401,-60775.8191660287,-5440.99410936432,-61991.381921227,-30826.8673799385,124574.389936863,102867.362572666,113738.578484754,1
"42214",-17081.0289389905,147.431546392143,-11356.7358688811,799.774104955825,-10083.2145198498,22239.1648424525,-2499.35234709742,NA,NA,1
"165",-15660.0321327077,303.96481955084,1548.44484993438,325.436955145507,510.981286455253,23650.8282949794,2113.53338733762,-469.077942722014,70.8477600739983,0.773632173901438
"331",-14743.9580755715,295.911147771251,1398.19417364315,314.879731873136,485.005492942592,24007.9220148009,1851.00717353498,-676.4465196033,-115.834540346906,0.776684771162098
"662",-13106.9487390207,317.853634226071,849.36129491073,300.905226018883,9.67883268214259,21102.4367559281,-689.892350660155,-1678.42107341133,-1587.70773111596,0.78974802533935
"1325",-13521.8597151282,315.81763468761,1202.04147922988,300.423814142302,296.152494079566,22325.6460911338,-901.811465227094,-1206.55765422477,-1480.02060439191,0.796413859545554
"2650",-12962.4878906245,337.581936178414,588.898955409779,220.058875380689,1407.79916686434,25096.0977262124,-2173.5908883173,906.60345775748,-2139.99039101269,0.867556555923858
"5300",-8088.81977901233,295.565477944032,-960.196436539632,90.1287576937703,1282.03436664912,33564.6225533722,-138.308703196349,2525.79352409057,-135.581921473123,0.910133995472319
"10600",-10715.4022111114,329.316609099425,-477.318953873532,136.912651984439,1622.67374128256,32323.9528367861,-637.84473056193,1785.40093781314,-1419.09607152015,0.910800325404178
"21200",-3517.34701274778,265.297606934147,-584.848248433251,-3.60860913301475,290.191722910356,NA,686.394533870905,127.826159242114,593.131473171264,0.991790005316278
"2651",-11943.0179190311,226.281883070404,2874.69790832147,366.740511534777,-1201.81136473058,21631.8105892757,603.16454926617,-4010.01910282431,237.038200083951,0.834783485169166
"5302",-12413.8737306953,109.514205810272,3098.80306027244,474.003676045523,-1664.08778539999,19724.5393171964,5439.27977509461,-399.371726017551,2924.4815996544,0.858247995072834
"10604",-12324.9359163809,117.634136766205,3532.01942388412,462.444006651365,-1606.12233006268,19957.0117762929,5233.18904987569,-1324.9050301673,2430.39465764712,0.856204466471836
"21208",-2360.02761761832,-70.0789551925436,18115.4231065668,167.234909731297,-13652.226804014,14568.2603100876,12559.7167117881,NA,NA,1
"21209",-5212.28082785897,211.180529617373,-218.064926960948,153.350808700707,-108.435609896087,32298.7120601142,69.5200395280072,-19409.3291777967,245.764564126334,0.999813363207971
"663",-17035.2650385772,279.014493808306,2408.34734134503,347.235584179525,644.374846811958,25941.7058627937,4958.53259124505,24.5625215747592,830.795024189435,0.789310148239759
"1326",-24628.1155125098,471.011062004892,7391.54014616739,206.832213079466,1009.03016220843,25386.0788042748,9208.64467675122,1630.64925331765,-5269.02830454201,0.852571756029378
"2652",-27441.2992939916,499.22731314934,9543.56011007433,275.91177984754,1523.19614434492,23966.8611681716,7077.5199355578,230.197006677992,-8698.41527231304,0.86375018510607
"5304",-29178.6466619958,667.7544886903,-5608.06991390702,122.942649748905,3958.27478463928,18598.7240322469,25855.6030019239,21886.9478982149,NA,0.939570300110369
"10608",-6583.47399864649,687.488333201354,NA,-125.510941852928,5094.70811426995,18260.7923660368,NA,1111.30649616058,-24468.7053000483,0.960136123566359
"5305",-14067.1388639403,463.602380334022,1290.92711774549,-138.221865483325,667.173925126819,23174.7590374125,7039.47573724189,7057.63075778154,4004.16406136725,0.941392742586974
"10611",-2248.24546347783,246.446387920723,-950.291368007177,-33.137271487326,543.728533369355,13716.0434000021,-299.671909408046,459.05947692316,NA,1
"1327",-9827.11293507171,207.545870781165,1691.7593430595,263.576291587451,1290.2783252376,23398.2593853729,-445.434029569318,-2397.05316788748,3616.74049355167,0.834967451137201
"2654",-14375.2833748139,252.040163535504,712.824089442325,337.084017377116,2752.50857922232,20976.3372521759,-2356.78620499853,-1720.5966512268,6795.28231591533,0.807102211125025
"5308",-3881.95433133025,-197.909244411199,6460.11795539227,624.557368857071,1001.6246287775,24543.4390983643,-1083.85643430365,-12181.396422357,-1702.52468866184,0.960547468938686
"10616",-24772.3020150478,482.635405511431,854.79447268548,191.391974929126,3380.239841728,38301.9968735693,2026.98257639824,NA,2587.34017317735,0.999609731397013
"21233",-7444947.46085818,221426.626686072,-1047062.2693995,-89574.2175652114,323391.959310412,3245006.38751544,705414.25065169,NA,1403317.42966034,1
"10617",-36494.606177397,102.66661570802,9691.3155474854,1379.51025998227,-508.047441674439,19538.9228887576,NA,-10127.5945615981,NA,1
"2655",675.799138994692,374.759332649293,-1943.68081576536,-370.753868913629,1157.75906189031,32945.5274499608,NA,4194.95770204259,-581.592798483343,0.999610939303247
"83",-10274.0394560069,188.928639621341,238.548448476306,344.118326091732,1258.94680749795,29077.2134010095,918.075561815496,-2614.165382792,-814.899767310539,0.924460657466686
"166",-10260.5842295774,179.38447423439,141.556448293926,369.403391564097,1140.72674466528,29026.0987561994,740.649117513479,-2933.91719332648,-895.429455206681,0.92301363763404
"332",-10117.0258260274,175.708568551302,-31.1520392246826,377.25720427279,1075.34421592536,28631.808887127,659.083009713559,-3186.65276743488,-877.449351779322,0.91042031367975
"664",-9345.01754609891,127.288719357584,916.467229120463,463.095095259929,1043.87445850594,26908.3206804616,688.222466588544,-5647.31616174196,-3417.6813464668,0.885403158081304
"1329",-10216.3634526359,176.714131895439,2970.25546460793,416.785217656743,596.621719216744,26003.4938128965,-2123.92212539909,-4931.66177482157,-4740.09450809362,0.920529586174575
"2659",48810.704887385,-412.790011179386,4434.65881519749,-447.136550215368,-8973.52116530282,3414.08946167037,3109.93505776146,5623.41628457513,-1762.20455600632,0.932651401818717
"5318",34951.0859070544,-33.8682955068321,5405.90953702892,-741.476177743376,-3759.43059508872,16003.6601680754,2693.5893822471,7950.29854826839,-4601.78644225688,0.99970185681331
"10636",68819.9758509202,-916.685036299997,-12699.3064244797,381.571064067795,-25811.4960214152,10465.6834275713,10220.4338990915,-15692.7649713407,NA,1
"665",-5600.74030379812,252.024521439544,-148.533386316095,76.4224536759547,405.650762317476,33932.6245178408,737.572396885761,1082.98620596324,529.717551146213,0.999802258171762
"21",-10306.8108068939,247.699705422603,-203.656827769429,313.197895719831,229.646646978506,24126.159245166,-121.957920057115,-1125.9443206766,-663.770935763912,0.735531273505936
"42",-8455.98327729891,241.448033469607,-128.219825467624,251.291865913076,385.959818350288,24296.2589487978,-669.5309121225,-1177.34164142547,-639.293709025466,0.761970307029766
"84",-8147.60773165011,219.477684699618,-353.297604408727,260.795331863456,375.983687351228,24265.5930517502,-872.96268325383,-512.494142237651,-863.263860191404,0.770677255324966
"168",-8226.22141591736,220.40547959759,-334.025014913533,262.224207233436,369.002813918475,24251.8150425751,-871.073960615692,-480.65305116166,-866.796688540475,0.770075667716669
"336",-9093.19126457432,223.555950255623,-719.924293602807,292.427051713066,427.534557685426,24421.8390678848,-1025.12250586045,-745.565064548036,-799.02464746463,0.777032287965798
"672",-8604.03806313717,224.635355361273,-415.250546181506,279.087689501629,485.408763700183,24602.0781810209,-1624.50197156515,-1110.62428949233,-952.396562093043,0.778128689157351
"1344",6634.33054452138,-48.1391712166329,4181.58883454543,30.0528923292183,4173.13748401262,26887.8014613142,-501.905135219009,-4783.22256705292,-9701.89851440511,1
"1345",-8559.07875366115,226.420032188598,-655.812401793856,283.167331454063,409.693973164153,24363.2167674552,-1833.90823323669,-1073.38448612523,-859.523595369096,0.77630481349191
"2690",-5094.19475852454,265.413294513558,-2562.4164028316,183.744830513732,316.171187062974,25594.495509074,-4011.17613605412,-3132.0441505796,-1032.05470995005,0.811893939808636
"5380",-998.39286767681,295.132629917292,-2739.70696801756,-14.2113608883955,329.03625679479,29326.6192406325,-3180.04614455122,-1121.8859028972,-195.117209025911,0.868154553754144
"10760",3825.8663385135,425.088051351464,-9696.29129125947,-102.67248736913,-758.497095646011,33293.6840028271,-11472.417733515,136.230580042328,-929.146754705675,0.805000264272905
"21521",7740.4269628581,358.088447243257,-11594.3833899346,-27.8002551248544,-1655.07889738628,33718.3182325094,-12994.3623958029,-1005.25554417571,374.620418810617,0.827564121763444
"43042",-20232.2177119436,540.563337144719,-4565.402629237,977.02251671602,-7904.09753917266,32116.5894188357,-18870.0522800942,-13327.4002350636,-1259.82595278992,0.998316443279019
"10761",-1323.87964064773,209.476183932415,-1500.5779651645,26.2331020850812,713.405334962648,30969.7884392322,-496.109085056043,-653.187097507062,-1133.14048027317,0.948893565711918
"21522",24257.2416853457,1000.38312838272,-4798.72961218519,-1634.89302839506,-5876.99809754322,38274.2726349136,-37726.6719080124,NA,NA,1
"21523",30.3982489516363,231.032843524708,-1206.51443013497,-64.7287505252076,629.148249977,32916.3861014194,1061.89700781453,-265.013418965601,-662.240283484065,0.968539686870693
"43046",-568186.49436114,5277.66680162748,151291.247551264,5248.06056910722,77694.690250429,NA,225915.887017952,96185.9066341745,NA,1
"43047",1436.92472516487,216.557777279954,-1838.91505243632,-72.7504950728235,494.886501926993,32624.527241265,1430.95549548408,-273.643991614754,-1085.07294861868,0.971253286293714
"86094",-1888.63893451785,268.261074312526,-727.571465602531,-36.2811999423162,402.129421889913,33680.6352524775,-386.3482775636,-621.594922395962,-964.590231852292,0.997762335909884
"172189",-1177.88252143953,270.63268732514,-737.753696389255,-57.3181275696985,341.167250672014,33880.5954728852,-387.955977867443,-176.87620310306,-1223.1429716002,0.998213281787802
"344379",1636.61567324123,356.32623936476,-2126.58762635072,-205.773586727357,366.089845436479,38906.819572357,-2598.10135097856,1277.8330245243,-5005.36018871463,0.999673829163428
"86095",7678.98163726486,276.186461289181,-6356.54028454151,-428.070951499145,1332.71872225702,32963.8615284987,7652.05081432012,10186.3620229474,NA,1
"5381",-1832.81309268587,-17.4477612936484,-418.875319278674,448.068463479389,881.965065520909,17286.518186686,-9018.79187114282,-6500.40726899123,-4638.18390130691,0.99446426468502
"10763",-7218.34390221948,-51.2989347012193,-1147.81174288414,686.322932349164,1132.06564492073,21410.0970028652,-10014.2199961341,-8150.16138363928,NA,1
"2691",-9814.41718742504,199.894539724284,291.75385735355,323.831764846187,364.294271170244,23952.9195790476,-437.634299639436,260.515650880902,-626.006874896778,0.770993187659536
"5382",-9347.35122342232,220.905544836632,107.855349507695,297.139447979232,271.280118758678,24334.1151912035,-672.730602532793,774.828955506956,-1020.36724053565,0.765148536710484
"10764",-7056.14016986731,274.165066893524,-296.884281918406,107.524261620389,708.092128279388,33046.5758073986,115.406367472623,-1128.07504620818,-1075.6357804429,0.998457072904255
"21528",-7604.63101245725,295.278578990478,55.9781720112128,120.053592303477,550.999485549598,34376.9375552033,-462.149509339827,-2052.4118915461,-2936.60331623894,0.999374913304332
"43057",-7983.52138663985,306.223528527991,-536.697708606664,109.274471221161,477.706717693896,34616.7952258421,250.655384969297,-1075.02740336592,-2177.55133087018,0.999522960204233
"86114",-5460.19303264095,266.076169139466,-759.630023738875,75.9015727002969,652.873715133532,34715.8584510386,NA,-1152.35859940653,-730.902516320479,1
"10765",-8712.1185265811,202.119713101789,544.091863396463,300.166714721266,197.141462823017,22506.5811120451,-149.868917470221,1900.62874079943,-1306.22016247852,0.721815211001526
"21530",-7434.35082370164,227.029120800692,262.621051036572,215.040214668644,349.392522503342,22661.8549287472,-985.840854147837,2767.9562578241,-1187.49269581775,0.779312908986028
"43060",-3858.22242626523,225.901003500373,1375.45156912601,101.469194693606,299.411259223811,25576.021833064,-1797.48164599926,2559.97637380127,-1212.77500213036,0.827306479308247
"86120",2394.89283607188,258.125959861772,-3263.59395448881,-90.1318704711161,909.012386260869,33192.4528764568,-1818.16548851758,3615.60299555622,-1688.88535411459,0.884780310770171
"172240",-702823.378978463,4078.33816059057,-151271.6223712,17729.8083603602,-30737.3484453651,75527.3451598895,82825.604437917,77104.7525691985,-1104.56117378404,1
"344481",55370.958449278,878.227859971115,-2164.38507730212,-2410.74597920278,860.943474038131,59325.3881133969,NA,-13989.6683447949,NA,1
"172241",37225.2622862587,107.997695101447,-9039.35336893828,-1239.91938186215,3234.38628931463,35012.3704872521,7126.43196307963,38899.1281706911,-2170.48238372806,0.942312707114774
"344482",36322.3678116175,105.012076538541,-9265.69464101976,-1200.41319584384,3287.43065307507,35110.2697737687,6673.93538342705,37924.5050015356,-2001.27943962638,0.942581795202344
"688964",69249.5189436173,162.691957738586,-14644.8546630738,-2429.10385490021,4089.33797449306,51944.8851901312,-1577.77741403172,58005.5683752366,-5736.75637612096,0.999391224779061
"1377929",88912.3116513369,1617.34159457546,-23763.7467342068,-4432.09289422612,1826.01313802764,174984.749442591,-104582.913473208,NA,NA,1
"86121",-14290.2506536025,141.319420287736,5135.37605114,426.80864581584,705.117909608079,21652.049469812,206.707489525731,3530.09904949861,3153.79389643559,0.913753998980591
"172243",-2657.02752559753,281.400471106426,-280.027962226057,-55.8438214569221,782.169909529834,32635.6259184844,-456.364877726021,-16877.4979209773,5050.73167048234,0.998382358137382
"344487",-342.064366972427,355.490697247709,2700.57410091745,-274.015504587161,2961.24168807343,30127.2153853211,-6235.13489908267,NA,-1231.40935266064,1
"21531",-13448.9858394415,169.247090044693,1772.18713098827,525.624711633779,-436.118015740806,21718.7187200168,2121.2884195972,463.133779452802,-1413.93612672834,0.674792704407808
"43062",-62888.5239432815,446.232583695294,-7104.89552247047,1539.09327812382,-143.222338279228,29557.4338889208,7844.37089207842,6114.05539139903,6212.33291922619,0.866072920940114
"86124",-36583.392810386,188.550051097988,-8233.24995216898,923.392500104418,-184.402301218539,31681.641446268,9854.204367494,11821.4010979548,11664.8336600737,0.948036532711102
"172248",22377.4341424358,166.705513595895,1971.38689983896,-668.64109006572,103.881146377081,34699.4211160424,1306.90453909735,-2131.73163848696,-1453.30877848605,0.999915090809596
"344497",-21973.8379379847,416.674558426645,-839.945136568094,337.235822566757,1689.06004574601,32988.0913126615,NA,-1206.01645669443,NA,1
"43063",-15703.089091341,120.717539735137,1998.65731553989,691.506074951369,594.276783674292,18707.897800636,-77.2098129653812,4578.73109026474,-2940.38469681748,0.712540744165989
"86126",-13737.7492280652,119.107451660008,1902.88593542159,608.502964788844,1102.71618164703,17929.1829186579,815.145562026532,4963.45146368426,-3399.45909771339,0.692863813026762
"172252",-28470.8457496055,120.151012939227,8067.06602114074,940.420226825273,-88.8067264778814,16048.7131952456,7252.15999556604,9719.65655816164,-4995.39689996735,0.87694341685247
"344504",93428.2040279471,-1704.23130184466,34798.6379215468,-833.794925629182,-10539.0853190781,-10911.0077457734,88825.2972826685,NA,NA,1
"344505",-21583.3461739649,151.829595933266,2299.12212232857,897.450652020095,-3394.07365630157,16847.1480195377,2805.25392652184,15677.012016443,NA,1
"5383",-28648.2599066891,10.3804908136151,-1357.0996147063,1034.9586571443,-1232.09121371893,27509.1293585267,7669.28416537691,3519.70351609093,5287.26410856843,0.955372509989969
"10766",-2759.09367667127,195.554091405183,135.561124283779,24.6052523874521,703.683346794006,33542.7609004093,NA,NA,-717.88001568898,1
"673",-12616.0628093663,222.222429366632,-2607.02926140879,407.640569009772,260.803214327454,24072.2739317214,1182.12783658288,-147.059913029059,-849.597717219246,0.790217102564135
"1346",-14290.8552094681,222.949934171631,-2555.18296409052,450.619830836591,199.442645334505,24362.6188600243,1573.5097428538,7.11062961103758,-600.173995972885,0.7914237921433
"2692",-9786.86188824896,111.252049547378,1142.35746959609,607.667290196999,-750.456099971058,20961.4296764884,-3775.19408454497,-7336.44589332956,-7770.71097750942,0.957563634282273
"5384",-20746.8771575263,328.420298716453,7223.23408634775,660.64787631272,-2859.62504084014,NA,-8241.97290081683,-9640.19471295217,-3501.36195565928,1
"2693",-12283.7223448508,225.616056299026,-2438.04824847516,361.844781465878,-172.35540120215,23970.6803953207,2038.25577638764,1462.47370363012,2719.09146600436,0.776158184383908
"5386",-13510.9290672788,274.358655721439,-4052.79624567871,455.438781069058,-14.4015836680777,27084.0642180803,-4774.98265895424,-4135.6753874058,-1703.51906211979,0.911682211660792
"10772",-39770.5770262901,-28.934645569621,-9150.59030769231,705.074682006866,10198.6248432327,44431.544508994,28973.1063972736,7847.37937426332,NA,1
"10773",3619.31343262518,243.447933123234,-1744.05768888552,-116.180740424128,-1530.85200522452,30875.073687144,-9049.69485235267,-110.988994316105,3309.0325924396,0.959735078743791
"5387",-6776.30870244797,106.691936501374,-3332.60250798554,366.820513239592,-1328.61334531826,22328.6559801597,6129.72629963027,3704.55612569237,3281.11867609645,0.583333017824677
"10774",-47779.0609793084,-105.309522831093,-21417.1214705636,2734.90724938001,-243.588042837948,18656.2360436637,-2846.0822105621,-18644.1452173422,-13324.7130388745,0.771925096685074
"21549",-89317.0145116532,712.460052689485,-26023.9117085557,3000.93092570448,-6996.32915103923,39272.0190986517,9632.09470056533,NA,NA,1
"10775",1945.62695498381,172.17509955584,-2760.55664511225,-22.6323920611424,-1715.61739474211,19411.2272897043,1924.11098563483,NA,NA,1
"337",-7048.22559738305,330.329413863183,5173.4584890569,-40.7566962348397,-1526.07910520196,20430.0340492576,3195.67489642265,6750.49878437551,493.780434067562,0.786835443120958
"674",-6595.33713397235,280.224205987118,5517.05633437447,7.91830070654791,-508.020359420037,18396.5297702391,3085.30002133018,4319.17695705448,-1554.59162857515,0.718516589893656
"1348",-16042.9134522491,384.03658099332,13915.3293083473,-203.564143369674,-3026.07143919532,17350.641998956,14951.5377471269,17556.7562073258,2124.19231297227,0.896868665920443
"2696",-33229.7676442902,445.581595029798,18646.2411006752,15.9599050690609,6833.05958967258,41375.0245743771,25631.8425245622,NA,NA,1
"2697",2838.1441253374,112.440913142778,-1750.49546169286,-53.690310056059,484.636580386188,15947.5003528272,-402.817607446887,-67.8900352273569,NA,1
"1349",743.516302974164,238.164452585912,-2569.8155601101,-30.0476406923068,568.27939325803,NA,-438.086065884345,NA,-998.17194616164,0.999129006373158
"2698",743.516302974154,238.164452585912,-3567.98750627174,-30.0476406923068,568.279393258031,NA,560.085880277295,NA,NA,0.998983324812773
"85",-9518.52966490055,265.150497781095,471.087429403597,263.037100991811,471.1614573789,24431.7634821779,-423.432658890749,-2338.39406267529,-592.19388075548,0.757727022419292
"170",-10164.1360075197,270.548118281335,431.922261407666,280.433571759185,426.813788692268,24313.6790725499,-196.573911989561,-2237.92209171036,-419.433550184744,0.744029697978657
"340",-10559.7933863731,294.956117797427,852.840446148019,260.805204553935,239.393445770477,24850.7757100944,-676.46224534284,-1928.5414962102,-774.147906398922,0.769008202028186
"680",-13900.7362915608,290.774255727445,2719.29358821506,301.464578834396,-33.7237371824566,23129.7109731402,744.993678595281,763.106638913655,1427.92204586029,0.76918360323821
"1360",781.245054422213,205.440657172652,477.026407742947,-0.451178387538107,-388.450919637621,18777.0360113407,-2935.68509756892,-1237.60598826826,-3003.92776145474,1
"2721",-24167.0267586542,63.3728888347161,11309.3275894685,878.318522671862,-5767.98610628957,18072.5556343247,5837.36575134077,-6615.6765587518,NA,1
"1361",-17590.1478287475,310.313179951506,2798.02853274982,417.484839237493,39.2244869459935,23501.3238634712,604.563128153023,413.152936723785,1000.05114658811,0.774393101873362
"2722",-18229.9348136397,313.099945486727,2895.9798838651,425.023138307477,71.6909083416638,23606.4500171598,832.914752839567,605.788300458782,1223.78581119104,0.772836116934088
"5444",-14355.8382420806,342.488720062996,1304.70987637202,257.828052683277,657.706377721135,20596.7555742415,1329.52152896304,1926.99272809009,651.820311978983,0.736401051011605
"10888",-13405.3316910991,327.099510665491,1803.30117063076,264.543349735764,516.745427930181,18258.3924066417,933.060943131275,3019.89804334278,-168.062699323034,0.695317444208973
"21776",-17529.0960933429,412.944109037155,3834.57069169864,286.273644059295,226.627395542439,18863.6723578523,-448.671465749227,125.456470198519,-1750.884501386,0.779747117526888
"43552",-48251.1710683283,545.965223495668,9833.05450988946,1129.04880609834,-1332.74122686057,20136.9567790477,3489.01610459492,-4455.4240093406,-4922.18423763777,0.951819172714643
"43553",15559.0650050439,309.075102413583,-2932.09740005446,-527.631177847506,3905.23698206081,12999.4186226093,-9752.78261029773,-7599.5968864317,-9136.80801422035,0.793609511126895
"87106",24331.0991082587,261.356244546449,-7015.20329406601,-727.642142019585,4633.73832677719,10378.8358720005,-9293.31716928687,-5074.88951790517,-10041.3631448168,0.850758255766821
"174213",-234340.058008125,-328.064077330715,-4113.39961943088,7854.09457114817,-6478.43411403333,NA,-66292.3523829636,93592.8163525416,48314.515570049,1
"21777",-4919.75866127783,221.184818759053,1183.08536342976,117.387750541158,501.17042515717,12563.0947708848,1100.61974224389,11110.3597157069,748.541951544535,0.695899847840347
"43554",-1185.08323497422,209.788457226568,3491.00304723951,-31.4477667039059,2881.6950017224,13073.6486393286,-365.163274862921,7148.22838559677,-4231.5251564548,0.735248236056731
"87109",-67428.7705819573,862.380477013571,-10155.0240752215,1917.65914746458,-4095.6305303391,6357.84257114017,3110.38349144474,13534.2450829356,-9602.82151155864,1
"10889",-7984.70607080672,328.797124588895,-90.0395364673917,23.7221725672278,633.186163281092,32223.868769201,352.816994002714,NA,NA,1
"5445",-26020.1656747496,376.087872979761,1702.17573343635,906.669886083309,-2681.24794134061,22438.0150273034,-8629.65074630622,-9325.40262300917,-3028.21539621198,0.934370601675044
"10891",-22240.0127302996,376.338110393159,1592.16016935968,811.799507728561,-2997.72148364014,21247.0968419727,-9334.15138043477,-10862.6288346875,-3344.17673296323,0.921461077784871
"21783",-39111.8574718844,379.856734493319,-9760.28401654231,1831.45998905387,-4378.25202206108,16323.4780422168,-17062.5515736443,-29491.9380597908,-12928.167955543,0.980370376579482
"43566",-42763.6880034669,-149.704843918074,-17669.908071089,2291.64012355729,1083.57609682531,20895.9723715876,-8899.97219559844,-31981.4490826962,-11208.8804620316,1
"681",-8471.154296512,292.37310394687,-559.711620127279,254.00001366309,250.364643190028,26346.0880968366,-2179.32605871552,-3347.4789823104,-2408.91146338227,0.788454366141883
"1362",-7484.42001833919,294.284845132581,-503.599769189025,220.844506004994,112.790295112246,25711.6767709314,-2315.94254128153,-3133.92742456557,-2106.13383104555,0.779323922327619
"2724",-4888.18419776521,266.077534832006,-1605.11036321495,161.327827243452,-178.342761643589,25471.4018751098,-1154.6952100735,-1290.14781783943,246.410456249158,0.780988474035974
"5448",-8416.32968420067,264.208698267679,-2809.39716977846,325.216905605766,-479.808283068064,24865.5955720937,154.094336515028,-779.387332318927,459.345871634258,0.797101403101501
"10896",-13628.4302356283,299.363906152633,-3537.81304326185,487.145880153813,-693.704835212034,23823.919340376,1714.87665907961,-178.257132369817,-93.9099639194297,0.781078311459941
"21792",41500.1989829255,710.783388522683,19542.0637544151,-2581.10297998503,1321.41483563402,40495.1055270803,-2785.3078761826,-5737.69370204149,3842.3106361866,0.996616697015037
"43585",44342.5174813932,750.958226199863,15910.3005903806,-2624.59577142037,-53.7327965023876,39320.5918364171,170.332577914932,-4664.74894324794,5214.05449863255,1
"21793",1502.85780645395,84.3847474157142,-5358.66852213602,211.153693534458,348.022992434641,21313.6451255137,1304.7743399561,-2557.32643662717,6198.46787980136,0.791418908598952
"43586",-136358.053130941,1350.24684342914,-13335.5228703084,2930.73379078601,-1327.84536445589,24997.7359438768,33187.2561278002,24429.7067173552,-17878.3083796388,0.9347839748384
"87173",-2049801.29059562,25101.4860967753,-729289.473101769,22292.5909925568,442368.888486371,-1086846.23543429,-425148.198630292,NA,NA,1
"43587",7850.44286039319,87.3604266700117,-6171.41044056141,21.7471974931826,1422.34379394091,29509.5842934785,-6035.52334440466,-3490.022593409,8059.54524098939,0.940156880697308
"87174",-7468.42076468557,261.388385625432,-58.6685158949419,151.362080165861,663.043135279891,NA,-1259.14304612992,-1441.35001779545,NA,1
"10897",-1147.07280411756,358.885251487179,-4467.12935196479,-247.827588242914,143.59782079754,23815.3294548344,2014.08340281154,6651.3879104123,8592.05134955598,0.864464576765632
"21794",-10010.4398713364,280.539792881521,7669.52241322257,298.809973851835,-507.457414964217,36197.2896654725,-1477.52425456629,-7689.67974207309,-5694.4824782865,0.993699848398538
"43589",-5869.9849744048,140.164275127976,9235.69413991573,271.700508073222,-1026.34572833115,40307.9531790781,NA,-5291.27799304692,NA,1
"5449",-6525.55015151955,387.378368992321,2228.7917959382,-135.300007973124,-6.22308712673677,21402.4223833479,-1132.83043680177,3041.62352005088,4292.91996644255,0.87049238009183
"10899",-7642.77489828184,470.59502459209,3853.060443079,24.1271529077088,-1626.36806424604,23010.6183418334,-10172.066152805,-1536.49679818211,-2201.1056221389,0.914004608944659
"21799",-6288.32038357892,462.428453769172,3936.28851477169,-21.1570879187587,-1726.72622830533,22650.7654648033,-9620.8524987829,-1115.76692847835,-1049.25613967586,0.912114213570917
"43599",-15580.9314621557,445.024933908793,6013.13511729505,-174.504116311473,2992.8543984454,16157.9308461274,3586.98654568456,16738.6316770656,11798.0989194921,0.969836619305704
"87199",369504.63432636,-2516.72051020284,14108.0862857072,-8100.695714282,-52563.2364693632,167250.409265245,54211.177265282,NA,NA,1
"2725",-11185.8142852834,345.409640991095,2903.04824818031,305.720237555446,61.7673365785823,25047.1752166704,-4840.75443492262,-8018.64861697085,-6073.50264907652,0.846264204214797
"5450",-24803.6094778514,501.832514877925,-4129.68752362162,627.659596972497,161.413746857759,18983.8564315136,-9580.73844056889,-7124.50572147966,-3470.73630288685,0.988956769130718
"10901",-29135.3662687006,520.953367198624,-5740.53794375611,814.591625647763,-271.337617665557,16264.6084882655,-11779.8443715413,-9000.22622112429,-2515.36158546951,0.994786533608052
"21802",-29200.3042531665,522.129670373554,-5833.29574804394,816.094205649,-261.780329229861,16194.7670059517,-11817.509949184,-9029.53899478653,-2444.27592377034,0.994683501249537
"43604",-1883.38352265688,233.728918983377,-231.587387249488,-5.07431495390358,269.892683586659,NA,-429.325882533007,-830.135070231013,-284.619192681452,1
"5451",-20151.31503974,234.991585634453,8338.21822967071,838.955283388429,-756.370426375356,23487.6566521988,-4291.38936352332,-23033.658570532,-10012.4564820645,0.809977337714849
"10902",-33382.8644958132,148.7401859161,10353.9034565995,1363.52431211475,-211.025326398083,21860.0339162091,-69.3090671585032,-28146.6633633042,-10393.1480112769,0.837815288666963
"21804",-35227.3081174118,218.284815878762,10678.6728720944,1331.45908923366,-327.880064251212,21936.4286573657,-493.925941022412,-25964.4291081868,-10326.777100323,0.842712718391899
"1363",-55124.8562419641,511.833292498996,-10051.6923491077,1514.22124794893,-4206.38797807333,38917.0804786544,12194.0275858129,17091.0895917195,-9130.69437041796,0.966967130017798
"2726",-51086.3120732568,534.683096126887,-10333.8191725724,1250.86623026954,3449.03192565452,34786.8812716415,-1504.27342866603,-11473.2517507673,-6507.89871757743,1
"341",-24043.392536971,-210.431569086728,-11843.5746955519,1611.52305453351,-4154.4644397799,37991.3142783575,11113.7111809987,NA,14105.1924812878,1
"171",-6300.40118518491,34.0635647251517,-2259.57668121872,374.397977987456,1968.72982498881,30953.9414030915,-3387.07654162501,-6797.10915251567,-32.8544106676638,0.957408835546898
"342",-3074.37059247275,224.539853189421,-1035.06271106659,63.8340337132898,620.72101536432,15099.5946315171,-1104.29099470802,-2124.61307134348,-570.543849842478,0.999655123146233
"684",-2461.21100907395,224.494542087654,-1387.63463216436,53.3393292512469,625.73852863523,NA,-1427.51250330778,-2241.66851941441,-516.003545327809,0.999980579773755
"1369",-4702.87952848835,224.494542087654,854.033887250045,53.3393292512466,625.738528635229,NA,814.156016106624,NA,-516.00354532781,0.999971990167076
"43",-13728.6295532311,259.493179416586,-456.535087037619,422.886228525072,-38.1561273617493,23742.8683977229,1451.73297498533,-958.935508565021,-279.175966719491,0.692242852055398
"86",-14382.769830623,264.386864638728,-483.067203409989,431.9279713197,-297.609508229489,25106.1576606696,1578.26033166056,-597.873860895429,1061.75721449126,0.71810283937605
"172",-15536.7415596215,265.560546061858,-31.3754674185227,435.123628670062,-187.111110087663,24912.7268793591,2515.21628261054,-3.47394952971624,1612.12353997198,0.719131584335011
"344",-18345.7768218684,278.634792038598,-663.947582238166,509.8303376347,-190.731401939143,24692.4436702554,2718.65390007849,-29.9456803160776,3607.14204902229,0.723778443035803
"688",-17595.4268705447,266.019919491576,1240.56526852842,423.930889276579,-56.0961858758881,27869.6461791486,4308.23866623443,1175.80349764152,5852.67109223335,0.759695360196863
"1376",-16931.7128903498,221.898141947596,2063.7504921963,500.601934696446,-443.233253726062,26037.0947479249,3704.74113078751,-2436.80920599421,4566.29464836917,0.815861233429276
"2752",-25399.1423750095,371.013709554267,9473.14982251177,194.418949220111,1906.69166534153,28212.9870966876,11916.4483840741,2288.82585112376,17005.0137861771,0.94843385886893
"5504",-34692.9460276735,440.666148864405,10849.4518469451,-288.817415115211,6018.67901267067,30620.1276347637,26838.7787648818,18321.6083071586,36491.9374556819,0.99959285281979
"11008",-31309.4171548121,309.196606037809,13393.7426190226,-295.273910809539,7313.79694649042,28175.5904512182,30636.0784455389,18368.9411773804,35711.3116624894,1
"5505",-47049.8471246935,330.92243341617,9794.54555302476,958.153850553887,2997.73229519273,28611.8756745458,NA,0.980842373468601,NA,0.987474549138991
"2753",-16546.8857887586,214.809054852744,333.950892255535,599.594821009989,-258.588167359643,24984.7145283256,1387.93135836344,-5472.09319905482,1844.70386026378,0.781437854747057
"5506",-20081.9152483978,196.642591422887,1340.66615280161,635.286050792947,-215.318946513858,25504.0373639817,3301.46194251459,-3453.36702411209,3493.6922921937,0.848478423954108
"11012",-31142.8802776779,357.549485110483,623.174972820911,771.858978987569,-959.479085642926,26216.9876061167,1365.30060317254,1886.80891503088,10810.8302610039,0.94985383592968
"22025",-35044.3801699752,269.60239988737,2105.76435771705,1033.66374277444,-3946.72214757286,23628.2265190255,4966.79475074577,-3149.58864645385,10283.3630577459,0.962825554285231
"44050",-96228.2604310998,1238.92815722374,11652.8869177018,1686.38094448327,-7457.64571082241,19014.3422256321,NA,6059.36571210593,20879.6750197511,1
"11013",-12432.4390470212,170.281230236244,6752.12810545192,134.379014394876,1389.13423588243,4908.34564910166,11446.3328083097,2322.19663970195,10501.5782758676,0.773082176223892
"22026",-6793.35001052499,256.615314121037,-3433.72842876833,129.382889362235,1356.09140897131,6660.44883961908,-495.248018857287,-693.520332477133,NA,1
"22027",-4588.49635923956,394.24445905524,-5516.16015270661,97.2287674780901,-384.726339582233,NA,16055.2345252035,-5690.96711041757,NA,0.994138660036865
"5507",62217.9914985942,22.3469411880311,-17119.8393084873,-1071.23928791879,6757.66356278188,11874.5081842576,-6954.84785005467,-7480.15874844766,-121.28041705426,1
"1377",-28641.5082414231,427.06921399767,-290.636842668983,584.806621878761,-244.671383960905,34739.59851504,5352.66216592746,5410.52810421686,10464.6573458593,0.773640315572092
"2754",-51828.0497872329,1140.28237989785,-11860.8172149806,813.506657469291,-3702.61359314193,-3955.66774687423,44385.9095475942,6547.38425258035,38179.3867519209,1
"2755",-16617.8093755889,300.187289606259,3134.75632595303,234.978603218031,-758.959327585407,34603.3691603369,4090.48664067995,7045.01923359202,2749.67278378376,0.802511041430983
"5510",-2992.85847684639,272.893895479763,-38.7713425253664,-27.3897817439031,380.755242159517,55043.6622769176,-194.446333325171,-867.83089039025,-907.288779335215,0.99972986887242
"11021",5641.79538726641,316.729128504673,-1041.37138960281,-437.278165887852,-449.754201518694,57015.4034259813,5422.16358235983,NA,NA,1
"689",-11052.5351927837,257.834478782537,-4334.4038325664,441.231300796176,-2.96656164386932,16969.8219412714,-2630.35567455306,-1475.51267666677,-1937.72924096122,0.83388876933768
"1378",-13510.3815049633,214.642494518213,-3070.29144079252,502.335255864219,-156.125697878601,16983.4644896491,-674.002319735059,709.705771616104,-636.95781511015,0.848720697239284
"2756",-19331.9626985762,253.508999277438,-3796.93694325347,731.278974551561,430.845576565387,15642.0637602721,-1030.8249749214,1852.89333459779,-3572.32637710704,0.931443927910481
"5513",622705.087036441,1408.55305347895,15268.4087444083,-27293.0246257416,26402.3725603254,39292.6244595745,-38996.9769171979,288111.267171064,NA,1
"1379",-13328.6218581228,477.342278267164,-6547.57626178299,266.695107830257,-239.079215670732,NA,NA,-764.931190604514,2134.51954277433,0.846079718330754
"345",-4314.00512100269,254.911427608052,-944.597906533443,119.347360936618,197.696553962338,26114.6836504425,2053.05692381944,1956.53218127622,-4169.66055443885,0.767474969814008
"690",-242359.47006413,1030.5063173337,26212.8003775273,1661.60298310924,30082.4858707187,136000.119427811,113592.132221351,46661.5987464975,NA,1
"691",-18518.0360791704,543.543381962563,1035.51985300825,186.249346243922,-1203.98748778324,27226.6192114002,1601.53366285356,2340.22067177452,-4224.55667180433,0.9138026701352
"1383",-12875.0787914378,431.295104788892,558.732258848217,362.275710278859,-2412.85960073842,27365.1832303489,-979.602161183026,-6528.1290090057,-8745.00079093319,0.896665665423637
"2766",-3061.91627364295,405.235348344113,-3454.83548924165,-199.268483245152,1011.73331530473,35925.0163171467,NA,4781.18890362537,NA,1
"87",-12201.0819800392,267.051960607623,362.180955090124,378.360556921645,878.013797326106,19851.8621972747,-357.345855881751,-2151.19307176816,-2876.84014863448,0.649472182391886
"174",-11797.6130144999,271.336079384251,769.72050055367,363.176424021894,650.908950567454,19035.2452982201,-472.817430538382,-2044.24844012044,-2483.19680294862,0.613715787426731
"348",-16558.1242787316,288.448655134456,2881.84451707078,453.428083327371,720.546008177672,16682.7175439701,-1621.53359450548,66.0458253368909,-1066.00306125934,0.623817933964534
"696",-10295.4037604099,124.225017565996,-955.627722851686,422.127000524231,1343.60677923406,16347.5504738314,-1340.15716094026,1923.76911820438,1464.53667399145,0.68123761346598
"1392",-11986.6411954668,80.2233768135081,-2203.33840352188,583.707166897721,1508.68300837613,16866.2268266925,-2113.57869745875,1181.08219469293,965.673327889528,0.694245088101845
"2784",-23874.2930253384,325.087127635565,4806.29462003862,675.732563628704,2344.35525106076,15984.3231901872,-8295.84664510206,4845.91093634233,-2033.5238129926,0.783559826800387
"2785",-6463.27200907324,32.7357362627052,-4199.47706819145,440.594300275621,2373.88899022194,17552.3701041261,-2003.82083204094,-2019.60583444703,1140.59178114765,0.735298004209247
"5570",-11174.144139879,121.121542204611,-5915.83584049187,382.873858761155,2982.98315980892,22472.1464806846,2303.74789754239,2967.15138107839,3796.48549275736,0.925483670330616
"11140",-40725.5886173453,211.989767593331,3366.40894623216,1045.44955972414,2527.63459031888,18645.3325593449,4842.46969288304,4893.34938669533,3129.51763391076,0.946654991490336
"22280",-44032.8607139969,94.8522232832067,4428.87828532222,1105.83718706304,7206.90714495865,18067.7045028095,108.428732725503,10906.0812515919,NA,1
"1393",3808.6971246652,213.866309339217,-2733.25351192982,-135.957429856115,500.76019788856,9529.1245236788,-284.699821550218,1181.99995389686,NA,0.99972391694225
"697",-67967.1639376073,1236.67470526667,2950.6251162963,376.68769185185,1977.60145985184,34362.9438223333,19957.5602744518,5350.22512053334,-3311.41421976295,1
"1394",-36678.4247654243,1481.37434041903,4685.0861317441,-1123.38669988677,224.389514507359,32548.7913548245,16255.1891663419,8370.99992689697,NA,1
"349",-10939.7711331034,260.49054687994,611.128804305605,447.701213188517,459.813228350938,27983.7039344297,-257.046475415674,-8921.34961887831,-7946.98587090723,0.811082823723038
"698",-20455.0175865509,524.565428396073,214.478157723515,394.350945201908,4369.62491376962,23701.542045348,-170.079751507819,-15668.6976378864,-7495.48645074057,0.8201170756146
"1397",-22760.2120378472,575.532876538153,-3922.47162452018,330.101119448771,7713.36503849789,NA,1143.28200537266,-16882.4372408986,-2833.23254131246,0.659400664377387
"11",-6831.64291154815,218.939330153898,-3424.82984982994,611.568949774218,-360.987424245031,21808.453241182,-10595.6706744977,-11403.685203466,-13895.2784897227,0.775865719793489
"22",3894.06242802375,221.448542317292,-6287.04117872027,360.282105139254,117.701410080477,19415.5208987462,-14149.1823024228,-14773.6794882392,-17084.5982955239,0.756048150579005
"44",-6258.42166494882,295.839544770562,-20085.4852154242,1099.37990164847,-4453.16318061395,9075.70958701797,-14683.3595983442,-18460.8992788933,-42001.6602958112,0.858377182945948
"88",-18345.8841732139,514.207405794966,-23432.9118048411,1262.11191795162,-4945.2638493538,10580.1744399539,-16305.9933171922,-20156.5915073716,-50350.2019403434,0.852290488243441
"177",-367765.273048656,4087.36677266946,62071.5839466155,3081.09909745555,18110.4000360055,164143.107422328,-1957.042508246,NA,NA,1
"45",7653.51888069399,239.113981949987,2618.71023233597,147.178454646841,-2854.17442482181,15327.5429287069,-13282.4627166159,-15454.7986871405,-8633.48246344194,0.824592050806475
"90",54404.1161213528,-5254.85242595382,162330.84161866,5007.10886305371,-93612.3937522822,-37911.1276861634,-25909.6953722375,88789.1556106008,285479.246741855,1
"180",13167.6572464136,-132.672566279296,9204.8727957853,492.08138294162,-4054.44735400647,9986.18488706775,-17480.8519659442,-10741.0606930912,NA,1
"23",-18611.0492091908,316.288408323504,86.6042815297756,569.390173405967,64.4307818415693,28615.7673654047,-3515.31010709273,-2506.5782072534,-5396.07179587381,0.877305248844983
"46",-25609.5817174236,326.424468194945,-126.730470107728,664.82992070165,472.202823213331,28840.555005139,-40.0102359560367,426.444807125594,-1897.30443502124,0.8776508696034
"93",-19314.7116633874,359.177677868534,1424.90115656719,704.263876002905,-1759.06337396566,30394.1613572875,-7638.23528894313,-9161.64020949195,-10415.11669428,0.861039484849489
"186",-42459.5093022833,454.422643006964,3842.92866081426,1211.66585491904,-981.49620823953,31004.0014116338,-5899.56716885067,-10125.9503652505,-2284.22546944711,0.921407525286525
"372",-20598.5098596296,752.638051397936,-14773.998944912,195.271777306817,7227.83675476179,44281.0067549165,NA,-9812.35862289173,3351.18787780025,0.995540692527425
"373",-7500.30851868851,284.121053114749,1019.30621573752,67.2638360655807,940.904280000017,36056.9407036064,-22436.2427796719,NA,NA,1
"3",-11919.4184061346,200.593706227878,-517.532997626988,428.962364282457,1049.63935891411,22570.8076847439,-3080.75129065442,-1650.19865641962,-2848.22993657196,0.782021234505207
"6",-13512.7735901059,187.202887489469,-574.62695992151,476.957844650962,1037.80169107654,23337.2737942462,-3488.96676807958,-793.287735407018,-1951.3332037182,0.806131552392108
"12",-13612.5650777935,191.980852384176,-771.043417689831,472.404140610426,776.980437645849,23734.2898899167,-2696.02568073038,-643.780124916923,-1027.379027683,0.811689556814378
"24",-15520.0422412454,243.706171681547,-1436.75750261954,475.451029282249,635.018441698332,23284.25291684,-2828.53194192957,-231.770625553925,-814.904709148218,0.797246604052389
"49",-15540.7068045331,245.510204831045,-1153.38920619275,481.510891228939,290.001853902162,23414.5557693909,-2903.49892965371,-491.095971855913,-1520.40475491162,0.80121868109243
"98",-18714.8116227373,281.268339341465,-685.022502499685,543.657143789673,565.295551155334,23432.0197766905,-1840.78922596778,7.31354881554981,-2190.88337232615,0.798742736909698
"197",-17772.5047016576,317.892587270281,-1675.32045522085,488.881389989479,95.9168122643578,24280.3420411896,939.803889227126,-154.667997110143,-2176.09980629086,0.811478123164127
"394",-16274.1890788133,261.031002610929,-498.971475408663,470.506202060792,632.020384321393,25485.9859670056,1146.06139669951,1393.77254825962,-3086.24725330794,0.837376984256997
"788",-15940.4387569989,263.654423380466,-866.571826379009,458.740620439844,840.312420524106,25521.3196510593,1825.43893532376,1312.38968312252,-3134.47231970629,0.828661349758736
"1576",-10882.9163528842,257.03675325201,617.713326770697,310.431705490866,-1521.67590298846,20742.4271552693,12435.4273641739,3237.31821032582,-3344.94018762245,0.795237856927653
"3152",-12156.3104530059,267.944520174903,1917.52436996299,351.912255015113,-2336.77315905468,20291.1542530261,NA,2770.21942000612,-5317.36248953197,0.739709354315963
"6304",-436.524423523687,179.187673826397,-1329.17767797009,144.661860420778,-1621.90301572498,25050.1318234102,NA,1859.89438502333,-7790.07244645846,0.735839367989154
"12609",18838.9697604418,-39.508564460626,-4648.09736398218,-100.385430099289,-1569.93939589003,21184.8515294782,NA,-1894.90279379599,-8746.41748047833,0.530816801436688
"25218",60117.1237824852,-471.79664023132,-2181.41858656167,-1077.33822931642,7319.0242378078,30883.7837497538,NA,-2897.35090850576,-34277.8897910802,0.898950410901734
"50437",60117.1237824851,-471.796640231319,-2181.41858656168,-1077.33822931642,7319.0242378078,30883.7837497538,NA,-2897.35090850575,NA,0.89794818326223
"395",-54736.1958329949,1022.48108099291,-8920.30107832356,868.434238096322,-4175.46755720837,28981.1451840022,9690.89390431432,NA,NA,1
"99",-9838.41581530838,204.675707604727,-1844.99846152622,378.348066654845,-266.77036599972,23384.6423980312,-4654.18341629447,-2576.9903213077,-1706.42037520408,0.838772103058554
"198",-2083.38040047798,317.378101741209,994.155334926593,-150.168893820416,1270.32611812905,15777.4107053602,413.004068282683,NA,NA,1
"199",-7848.2159142124,221.257141207211,-3150.44641647882,349.537276875348,-535.3246614378,25030.20589019,-7465.94760242442,-1874.21944275902,-3065.50207391622,0.843278777136502
"398",-5507.8771925172,199.119650954733,-2683.21628064737,312.246627469594,-759.187042825661,25140.6629925846,-7234.40761407595,-2234.88157617684,-2447.21794208775,0.837376457527887
"796",-26353.3536286021,310.245582600661,528.805281105257,820.65956169358,-1260.89271469696,23646.4244803448,-9244.9828755907,-6508.57977763837,-4993.90970958459,0.913930585264684
"1592",-15676.2392963988,194.834519454452,-5817.72440488634,722.551026380141,-357.784906262826,22741.3826542409,-14096.0896205266,1170.01187387983,-1604.95637167111,0.932499989434579
"25",-4750.23831244377,-79.9321631763868,155.121020590446,484.195762611182,2208.33998103764,26225.9302118735,-2058.40017506577,-2579.70157172077,-3239.91430833209,0.932326129463471
"50",-11736.6289748617,34.3351767930681,-965.358628716566,550.92716558285,1391.86069129001,28910.6387593963,-8673.82519940431,-1821.82852737892,-273.022307081685,0.951858152054003
"100",-26706.5199391437,127.760552096671,684.611836650954,894.241482509598,698.918822860555,27014.31533586,-7708.7805038568,-186.793739820303,3028.09811899212,0.962769282049731
"200",-36391.2673694124,142.467786148693,6865.09451584509,1076.64120243752,2352.01040436722,22481.633340612,-5427.06626546724,4317.5957023952,-6467.77035399664,1
"401",-94857.5965812484,902.015053501861,NA,2042.52327850403,2152.95470695178,26009.0626789888,-9546.06337970739,22472.2592109774,NA,1
"13",-15674.7728652928,274.521693011892,-2592.79496023226,561.629726944988,2031.07106752157,18469.2523839975,-7807.3715208437,-3860.430999598,-8070.83344076545,0.818375221877762
"26",-27464.0739625872,267.65134471225,-6950.31778952522,1228.66640942259,946.091082236145,15724.5074725463,-8119.41961891995,-9360.02556258106,-23229.753608196,0.864378059637336
"53",-42821.5985465481,-2829.98338115462,-12213.5145037081,4672.60662903205,669.867846936272,91425.3019360991,33113.8277011933,-24187.1272715219,-55030.963008195,0.999315294946737
"7",-5714.25125386116,239.972107918916,205.733221448807,216.900375784179,1379.02888221813,21067.5642494382,-4005.2774348825,-3669.2886311595,-5634.17982185211,0.740167756059057
"14",-779.935127431384,203.97387427759,2022.75986115941,109.460948112385,1208.82260370085,20646.3398394176,-5322.35554490806,-5371.3685075415,-5878.66327462345,0.746619396538138
"28",-8883.57429060642,210.875123220451,-2017.34920247039,327.212598809986,2323.4170387798,19280.8501123089,-4141.88516154376,-2882.80600604452,-4898.1864941185,0.765968323611302
"56",-6077.7209375681,222.473814189193,-8202.4159872825,294.531476638699,4486.47769637117,10741.0490712234,-7693.67498247811,-5828.52329659152,-4111.77258202631,0.866481449878709
"112",-590.654919865221,290.48904252427,-15112.9286218778,-100.259427345952,14898.846330582,-14348.7205137343,-30054.6247740233,NA,NA,1
"113",-17756.035759847,383.949087571702,-5128.27570172084,333.136998087954,847.330014913955,15457.7733120459,-2396.71362256214,NA,NA,1
"29",14219.3991558099,-85.5157019019396,7341.76769313433,123.059374034616,1471.99050831146,27187.7385389328,-5433.58091165028,-17397.5668164935,-6238.86322607706,0.907472594011492
"58",32922.0078752562,-242.475655348429,4599.99750715006,-347.950159197324,2909.00732346862,33025.403321099,-3903.17319274399,-11121.2476604303,-3167.20178248906,0.999120762341397
"116",-16320.6482792688,468.987290469747,-3624.95141119467,72.6448217600605,160.537805115947,34277.8271005254,NA,3955.34899764025,NA,1
"15",172188.8805712,120.396723677069,-22438.8886172435,-4185.21400527272,7931.92250918145,-9146.15784492093,-55781.3701446046,33591.9832600891,NA,1
